time,dayofyr,crpval,agcacc,bgcjacc,bgcmacc,cgrain,egrain(N),egrain(P),egrain(S),crmvst,ermvst(N),ermvst(P),ermvst(S),cstraw,estraw(N),estraw(P),estraw(S),stdstraw,estdstraw(N),estdstraw(P),estdstraw(S),addsdc,addsde(N),addsde(P),addsde(S),resid,reside(N),reside(P),reside(S),irrapp,fertapp(N),fertapp(P),fertapp(S),afertapp(N),afertapp(P),afertapp(S),omadapp,omaeapp(N),omaeapp(P),omaeapp(S),strmac(1),strmac(2),strmac(3),strmac(4),strmac(5),strmac(6),strmac(7),strmac(8),cgracc,egracc(N),egracc(P),egracc(S),accrst,accrste(N),accrste(P),accrste(S),ctubesj,etubesj(N),etubesj(P),etubesj(S),ctubesm,etubesm(N),etubesm(P),etubesm(S),srfclittrj,esrfclittrj(N),esrfclittrj(P),esrfclittrj(S),soillittrj,esoillittrj(N),esoillittrj(P),esoillittrj(S),srfclittrm,esrfclittrm(N),esrfclittrm(P),esrfclittrm(S),soillittrm,esoillittrm(N),esoillittrm(P),esoillittrm(S)
2022.83,323,'COT68',157.6054,42.9544,2.2608,53.0175,2.2437,0.0000,0.0000,26.1470,0.1714,0.0000,0.0000,26.1470,0.1714,0.0000,0.0000,0.0000,0.0000,0.0000,0.0000,15.6882,0.1029,0.0000,0.0000,62.7527,0.4114,0.0000,0.0000,0.0000,2.8000,0.0000,0.0000,0.0000,0.0000,0.0000,0.0000,0.0000,0.0000,0.0000,0.0000,0.0000,0.0000,0.0000,0.6804,0.0475,0.0000,0.0000,53.0175,2.2437,0.0000,0.0000,26.1470,0.0000,0.0000,0.0000,0.0000,0.0000,0.0000,0.0000,0.0000,0.0000,0.0000,0.0000,4.3776,0.0875,0.0000,0.0000,26.8908,0.5376,0.0000,0.0000,1.6931,0.0339,0.0000,0.0000,10.4005,0.2084,0.0000,0.0000
2023.83,315,'SORG117',197.4949,81.0443,4.2655,117.2552,2.8724,0.0000,0.0000,20.0599,0.2059,0.0000,0.0000,20.0599,0.2059,0.0000,0.0000,0.0000,0.0000,0.0000,0.0000,12.0360,0.1236,0.0000,0.0000,48.1438,0.4942,0.0000,0.0000,0.0000,2.8000,0.0000,0.0000,0.0000,0.0000,0.0000,0.0000,0.0000,0.0000,0.0000,0.0000,0.0000,0.0000,0.0000,0.2863,0.0161,0.0000,0.0000,117.2552,2.8724,0.0000,0.0000,20.0599,0.0000,0.0000,0.0000,0.0000,0.0000,0.0000,0.0000,0.0000,0.0000,0.0000,0.0000,8.3291,0.1641,0.0000,0.0000,51.1644,1.0082,0.0000,0.0000,3.1463,0.0637,0.0000,0.0000,19.3274,0.3915,0.0000,0.0000
2024.83,323,'COT68',157.5226,41.2666,2.1719,45.9977,2.3699,0.0000,0.0000,27.8812,0.2378,0.0000,0.0000,27.8812,0.2378,0.0000,0.0000,0.0000,0.0000,0.0000,0.0000,16.7287,0.1427,0.0000,0.0000,66.9149,0.5707,0.0000,0.0000,0.0000,2.8000,0.0000,0.0000,0.0000,0.0000,0.0000,0.0000,0.0000,0.0000,0.0000,0.0000,0.0000,0.0000,0.0000,0.2235,0.0154,0.0000,0.0000,45.9977,2.3699,0.0000,0.0000,27.8812,0.0000,0.0000,0.0000,0.0000,0.0000,0.0000,0.0000,0.0000,0.0000,0.0000,0.0000,4.2050,0.0892,0.0000,0.0000,25.8305,0.5476,0.0000,0.0000,1.6297,0.0346,0.0000,0.0000,10.0113,0.2123,0.0000,0.0000
2025.83,315,'SORG117',178.6606,77.8879,4.0994,103.2286,2.6061,0.0000,0.0000,18.8580,0.1983,0.0000,0.0000,18.8580,0.1983,0.0000,0.0000,0.0000,0.0000,0.0000,0.0000,11.3148,0.1190,0.0000,0.0000,45.2592,0.4759,0.0000,0.0000,0.0000,2.8000,0.0000,0.0000,0.0000,0.0000,0.0000,0.0000,0.0000,0.0000,0.0000,0.0000,0.0000,0.0000,0.0000,0.5598,0.0285,0.0000,0.0000,103.2286,2.6061,0.0000,0.0000,18.8580,0.0000,0.0000,0.0000,0.0000,0.0000,0.0000,0.0000,0.0000,0.0000,0.0000,0.0000,7.7966,0.1531,0.0000,0.0000,47.8936,0.9405,0.0000,0.0000,3.2015,0.0638,0.0000,0.0000,19.6664,0.3918,0.0000,0.0000
2026.83,323,'COT68',183.7823,35.5006,1.8685,63.0606,2.7996,0.0000,0.0000,30.1804,0.2049,0.0000,0.0000,30.1804,0.2049,0.0000,0.0000,0.0000,0.0000,0.0000,0.0000,18.1083,0.1229,0.0000,0.0000,72.4330,0.4918,0.0000,0.0000,0.0000,2.8000,0.0000,0.0000,0.0000,0.0000,0.0000,0.0000,0.0000,0.0000,0.0000,0.0000,0.0000,0.0000,0.0000,0.7591,0.0437,0.0000,0.0000,63.0606,2.7996,0.0000,0.0000,30.1804,0.0000,0.0000,0.0000,0.0000,0.0000,0.0000,0.0000,0.0000,0.0000,0.0000,0.0000,3.8798,0.0815,0.0000,0.0000,23.8333,0.5005,0.0000,0.0000,1.1739,0.0249,0.0000,0.0000,7.2111,0.1530,0.0000,0.0000
2027.83,315,'SORG117',208.9453,74.0633,3.8981,124.8956,3.0426,0.0000,0.0000,21.0124,0.2148,0.0000,0.0000,21.0124,0.2148,0.0000,0.0000,0.0000,0.0000,0.0000,0.0000,12.6075,0.1289,0.0000,0.0000,50.4298,0.5156,0.0000,0.0000,0.0000,2.8000,0.0000,0.0000,0.0000,0.0000,0.0000,0.0000,0.0000,0.0000,0.0000,0.0000,0.0000,0.0000,0.0000,0.4505,0.0210,0.0000,0.0000,124.8956,3.0426,0.0000,0.0000,21.0124,0.0000,0.0000,0.0000,0.0000,0.0000,0.0000,0.0000,0.0000,0.0000,0.0000,0.0000,7.7329,0.1530,0.0000,0.0000,47.5024,0.9401,0.0000,0.0000,2.7815,0.0567,0.0000,0.0000,17.0866,0.3486,0.0000,0.0000
2028.83,323,'COT68',206.7522,51.0734,2.6881,67.4480,2.6461,0.0000,0.0000,34.8261,0.2155,0.0000,0.0000,34.8261,0.2155,0.0000,0.0000,0.0000,0.0000,0.0000,0.0000,20.8956,0.1293,0.0000,0.0000,83.5825,0.5173,0.0000,0.0000,0.0000,2.8000,0.0000,0.0000,0.0000,0.0000,0.0000,0.0000,0.0000,0.0000,0.0000,2.7775,0.1065,0.0000,0.0000,0.6591,0.0440,0.0000,0.0000,67.4480,2.6461,0.0000,0.0000,34.8261,0.0000,0.0000,0.0000,0.0000,0.0000,0.0000,0.0000,0.0000,0.0000,0.0000,0.0000,5.4610,0.1086,0.0000,0.0000,33.5464,0.6670,0.0000,0.0000,1.7967,0.0362,0.0000,0.0000,11.0367,0.2226,0.0000,0.0000
2029.83,315,'SORG117',197.5734,85.2734,4.4881,114.0617,2.3968,0.0000,0.0000,20.8779,0.1827,0.0000,0.0000,20.8779,0.1827,0.0000,0.0000,0.0000,0.0000,0.0000,0.0000,12.5268,0.1096,0.0000,0.0000,50.1071,0.4385,0.0000,0.0000,0.0000,2.8000,0.0000,0.0000,0.0000,0.0000,0.0000,0.0000,0.0000,0.0000,0.0000,19.8786,0.6964,0.0000,0.0000,0.5914,0.0312,0.0000,0.0000,114.0617,2.3968,0.0000,0.0000,20.8779,0.0000,0.0000,0.0000,0.0000,0.0000,0.0000,0.0000,0.0000,0.0000,0.0000,0.0000,8.8491,0.1632,0.0000,0.0000,54.3590,1.0026,0.0000,0.0000,3.2258,0.0604,0.0000,0.0000,19.8155,0.3709,0.0000,0.0000
2030.83,323,'COT68',252.8875,50.3531,2.6502,88.5106,3.0479,0.0000,0.0000,41.0942,0.2134,0.0000,0.0000,41.0942,0.2134,0.0000,0.0000,0.0000,0.0000,0.0000,0.0000,24.6565,0.1280,0.0000,0.0000,98.6261,0.5120,0.0000,0.0000,0.0000,2.8000,0.0000,0.0000,0.0000,0.0000,0.0000,0.0000,0.0000,0.0000,0.0000,0.7356,0.0000,0.0000,0.0000,0.6087,0.0416,0.0000,0.0000,88.5106,3.0479,0.0000,0.0000,41.0942,0.0000,0.0000,0.0000,0.0000,0.0000,0.0000,0.0000,0.0000,0.0000,0.0000,0.0000,5.6361,0.1098,0.0000,0.0000,34.6220,0.6743,0.0000,0.0000,1.5565,0.0313,0.0000,0.0000,9.5615,0.1925,0.0000,0.0000
2031.83,315,'SORG117',182.8126,72.0753,3.7934,109.5057,2.6412,0.0000,0.0000,18.3267,0.1856,0.0000,0.0000,18.3267,0.1856,0.0000,0.0000,0.0000,0.0000,0.0000,0.0000,10.9960,0.1114,0.0000,0.0000,43.9841,0.4454,0.0000,0.0000,0.0000,2.8000,0.0000,0.0000,0.0000,0.0000,0.0000,0.0000,0.0000,0.0000,0.0000,21.1622,0.4010,0.0000,0.0000,0.5494,0.0253,0.0000,0.0000,109.5057,2.6412,0.0000,0.0000,18.3267,0.0000,0.0000,0.0000,0.0000,0.0000,0.0000,0.0000,0.0000,0.0000,0.0000,0.0000,7.6195,0.1476,0.0000,0.0000,46.8052,0.9065,0.0000,0.0000,2.6123,0.0519,0.0000,0.0000,16.0470,0.3189,0.0000,0.0000
2032.83,323,'COT68',262.3486,58.7893,3.0942,91.8220,3.2114,0.0000,0.0000,42.6317,0.2248,0.0000,0.0000,42.6317,0.2248,0.0000,0.0000,0.0000,0.0000,0.0000,0.0000,25.5790,0.1349,0.0000,0.0000,102.3160,0.5395,0.0000,0.0000,0.0000,2.8000,0.0000,0.0000,0.0000,0.0000,0.0000,0.0000,0.0000,0.0000,0.0000,4.8677,0.1272,0.0000,0.0000,0.4456,0.0254,0.0000,0.0000,91.8220,3.2114,0.0000,0.0000,42.6317,0.0000,0.0000,0.0000,0.0000,0.0000,0.0000,0.0000,0.0000,0.0000,0.0000,0.0000,6.5986,0.1303,0.0000,0.0000,40.5340,0.8003,0.0000,0.0000,1.7932,0.0365,0.0000,0.0000,11.0153,0.2243,0.0000,0.0000
2033.83,315,'SORG117',170.7336,56.7525,2.9870,98.9621,2.6578,0.0000,0.0000,17.9429,0.2009,0.0000,0.0000,17.9429,0.2009,0.0000,0.0000,0.0000,0.0000,0.0000,0.0000,10.7657,0.1205,0.0000,0.0000,43.0629,0.4821,0.0000,0.0000,0.0000,2.8000,0.0000,0.0000,0.0000,0.0000,0.0000,0.0000,0.0000,0.0000,0.0000,0.0022,0.0000,0.0000,0.0000,0.1272,0.0059,0.0000,0.0000,98.9621,2.6578,0.0000,0.0000,17.9429,0.0000,0.0000,0.0000,0.0000,0.0000,0.0000,0.0000,0.0000,0.0000,0.0000,0.0000,6.2085,0.1240,0.0000,0.0000,38.1377,0.7620,0.0000,0.0000,1.8809,0.0391,0.0000,0.0000,11.5538,0.2401,0.0000,0.0000
2034.83,323,'COT68',196.4545,49.5715,2.6090,60.5913,2.4929,0.0000,0.0000,33.9658,0.2266,0.0000,0.0000,33.9658,0.2266,0.0000,0.0000,0.0000,0.0000,0.0000,0.0000,20.3795,0.1359,0.0000,0.0000,81.5179,0.5438,0.0000,0.0000,0.0000,2.8000,0.0000,0.0000,0.0000,0.0000,0.0000,0.0000,0.0000,0.0000,0.0000,1.1414,0.0127,0.0000,0.0000,0.3138,0.0213,0.0000,0.0000,60.5913,2.4929,0.0000,0.0000,33.9658,0.0000,0.0000,0.0000,0.0000,0.0000,0.0000,0.0000,0.0000,0.0000,0.0000,0.0000,5.2655,0.1049,0.0000,0.0000,32.3452,0.6445,0.0000,0.0000,1.7713,0.0358,0.0000,0.0000,10.8811,0.2199,0.0000,0.0000
2035.83,315,'SORG117',173.8163,76.0951,4.0050,89.7768,2.2343,0.0000,0.0000,21.0099,0.2120,0.0000,0.0000,21.0099,0.2120,0.0000,0.0000,0.0000,0.0000,0.0000,0.0000,12.6059,0.1272,0.0000,0.0000,50.4237,0.5089,0.0000,0.0000,0.0000,2.8000,0.0000,0.0000,0.0000,0.0000,0.0000,0.0000,0.0000,0.0000,0.0000,5.6456,0.1802,0.0000,0.0000,0.3153,0.0165,0.0000,0.0000,89.7768,2.2343,0.0000,0.0000,21.0099,0.0000,0.0000,0.0000,0.0000,0.0000,0.0000,0.0000,0.0000,0.0000,0.0000,0.0000,7.5648,0.1439,0.0000,0.0000,46.4694,0.8842,0.0000,0.0000,3.1697,0.0608,0.0000,0.0000,19.4710,0.3735,0.0000,0.0000
2036.83,323,'COT68',306.6772,70.5006,3.7106,104.0800,3.2941,0.0000,0.0000,50.6493,0.2469,0.0000,0.0000,50.6493,0.2469,0.0000,0.0000,0.0000,0.0000,0.0000,0.0000,30.3896,0.1482,0.0000,0.0000,121.5583,0.5927,0.0000,0.0000,0.0000,2.8000,0.0000,0.0000,0.0000,0.0000,0.0000,0.0000,0.0000,0.0000,0.0000,47.8335,0.9286,0.0000,0.0000,1.0374,0.0719,0.0000,0.0000,104.0800,3.2941,0.0000,0.0000,50.6493,0.0000,0.0000,0.0000,0.0000,0.0000,0.0000,0.0000,0.0000,0.0000,0.0000,0.0000,7.9734,0.1512,0.0000,0.0000,48.9793,0.9291,0.0000,0.0000,2.0916,0.0402,0.0000,0.0000,12.8487,0.2469,0.0000,0.0000
2037.83,315,'SORG117',183.6456,79.2394,4.1705,100.2148,2.3142,0.0000,0.0000,20.8577,0.1980,0.0000,0.0000,20.8577,0.1980,0.0000,0.0000,0.0000,0.0000,0.0000,0.0000,12.5146,0.1188,0.0000,0.0000,50.0585,0.4751,0.0000,0.0000,0.0000,2.8000,0.0000,0.0000,0.0000,0.0000,0.0000,0.0000,0.0000,0.0000,0.0000,34.1807,0.2254,0.0000,0.0000,0.8475,0.0372,0.0000,0.0000,100.2148,2.3142,0.0000,0.0000,20.8577,0.0000,0.0000,0.0000,0.0000,0.0000,0.0000,0.0000,0.0000,0.0000,0.0000,0.0000,8.1321,0.1522,0.0000,0.0000,49.9541,0.9351,0.0000,0.0000,3.0878,0.0584,0.0000,0.0000,18.9681,0.3587,0.0000,0.0000
2038.83,323,'COT68',204.6803,48.5882,2.5573,62.3882,2.4464,0.0000,0.0000,35.5730,0.2273,0.0000,0.0000,35.5730,0.2273,0.0000,0.0000,0.0000,0.0000,0.0000,0.0000,21.3438,0.1364,0.0000,0.0000,85.3753,0.5455,0.0000,0.0000,0.0000,2.8000,0.0000,0.0000,0.0000,0.0000,0.0000,0.0000,0.0000,0.0000,0.0000,14.7742,0.2751,0.0000,0.0000,0.8579,0.0526,0.0000,0.0000,62.3882,2.4464,0.0000,0.0000,35.5730,0.0000,0.0000,0.0000,0.0000,0.0000,0.0000,0.0000,0.0000,0.0000,0.0000,0.0000,5.2279,0.1025,0.0000,0.0000,32.1143,0.6295,0.0000,0.0000,1.6798,0.0331,0.0000,0.0000,10.3185,0.2033,0.0000,0.0000
2039.83,315,'SORG117',142.7277,70.5418,3.7127,71.7810,2.0908,0.0000,0.0000,17.7367,0.2081,0.0000,0.0000,17.7367,0.2081,0.0000,0.0000,0.0000,0.0000,0.0000,0.0000,10.6420,0.1249,0.0000,0.0000,42.5681,0.4994,0.0000,0.0000,0.0000,2.8000,0.0000,0.0000,0.0000,0.0000,0.0000,0.0000,0.0000,0.0000,0.0000,40.0536,0.6633,0.0000,0.0000,0.9109,0.0448,0.0000,0.0000,71.7810,2.0908,0.0000,0.0000,17.7367,0.0000,0.0000,0.0000,0.0000,0.0000,0.0000,0.0000,0.0000,0.0000,0.0000,0.0000,6.8077,0.1325,0.0000,0.0000,41.8189,0.8139,0.0000,0.0000,3.1157,0.0610,0.0000,0.0000,19.1394,0.3746,0.0000,0.0000
2040.83,323,'COT68',105.3911,29.0736,1.5302,25.5059,1.7318,0.0000,0.0000,19.9713,0.2335,0.0000,0.0000,19.9713,0.2335,0.0000,0.0000,0.0000,0.0000,0.0000,0.0000,11.9828,0.1401,0.0000,0.0000,47.9311,0.5604,0.0000,0.0000,0.0000,2.8000,0.0000,0.0000,0.0000,0.0000,0.0000,0.0000,0.0000,0.0000,0.0000,0.0000,0.0000,0.0000,0.0000,0.2472,0.0190,0.0000,0.0000,25.5059,1.7318,0.0000,0.0000,19.9713,0.0000,0.0000,0.0000,0.0000,0.0000,0.0000,0.0000,0.0000,0.0000,0.0000,0.0000,2.9701,0.0637,0.0000,0.0000,18.2449,0.3914,0.0000,0.0000,1.1432,0.0244,0.0000,0.0000,7.0228,0.1497,0.0000,0.0000
2041.83,315,'SORG117',266.8533,80.0535,4.2133,148.6971,3.7448,0.0000,0.0000,29.5391,0.3073,0.0000,0.0000,29.5391,0.3073,0.0000,0.0000,0.0000,0.0000,0.0000,0.0000,17.7234,0.1844,0.0000,0.0000,70.8937,0.7375,0.0000,0.0000,0.0000,2.8000,0.0000,0.0000,0.0000,0.0000,0.0000,0.0000,0.0000,0.0000,0.0000,0.0000,0.0000,0.0000,0.0000,0.1892,0.0112,0.0000,0.0000,148.6971,3.7448,0.0000,0.0000,29.5391,0.0000,0.0000,0.0000,0.0000,0.0000,0.0000,0.0000,0.0000,0.0000,0.0000,0.0000,8.7112,0.1786,0.0000,0.0000,53.5118,1.0969,0.0000,0.0000,2.6937,0.0573,0.0000,0.0000,16.5468,0.3517,0.0000,0.0000
2042.83,323,'COT68',236.8243,61.8410,3.2548,76.8273,2.7884,0.0000,0.0000,39.9992,0.2297,0.0000,0.0000,39.9992,0.2297,0.0000,0.0000,0.0000,0.0000,0.0000,0.0000,23.9995,0.1378,0.0000,0.0000,95.9982,0.5513,0.0000,0.0000,0.0000,2.8000,0.0000,0.0000,0.0000,0.0000,0.0000,0.0000,0.0000,0.0000,0.0000,14.0355,0.5481,0.0000,0.0000,0.9500,0.0669,0.0000,0.0000,76.8273,2.7884,0.0000,0.0000,39.9992,0.0000,0.0000,0.0000,0.0000,0.0000,0.0000,0.0000,0.0000,0.0000,0.0000,0.0000,6.6010,0.1292,0.0000,0.0000,40.5488,0.7937,0.0000,0.0000,2.1809,0.0433,0.0000,0.0000,13.3969,0.2661,0.0000,0.0000
2043.83,315,'SORG117',174.8354,69.9711,3.6827,81.9119,2.2814,0.0000,0.0000,23.2309,0.2558,0.0000,0.0000,23.2309,0.2558,0.0000,0.0000,0.0000,0.0000,0.0000,0.0000,13.9385,0.1535,0.0000,0.0000,55.7541,0.6140,0.0000,0.0000,0.0000,2.8000,0.0000,0.0000,0.0000,0.0000,0.0000,0.0000,0.0000,0.0000,0.0000,12.2953,0.3904,0.0000,0.0000,0.6497,0.0322,0.0000,0.0000,81.9119,2.2814,0.0000,0.0000,23.2309,0.0000,0.0000,0.0000,0.0000,0.0000,0.0000,0.0000,0.0000,0.0000,0.0000,0.0000,7.1419,0.1394,0.0000,0.0000,43.8715,0.8564,0.0000,0.0000,2.7599,0.0550,0.0000,0.0000,16.9538,0.3376,0.0000,0.0000
2044.83,323,'COT68',222.8910,61.0631,3.2138,72.8878,2.8207,0.0000,0.0000,37.5008,0.2286,0.0000,0.0000,37.5008,0.2286,0.0000,0.0000,0.0000,0.0000,0.0000,0.0000,22.5005,0.1372,0.0000,0.0000,90.0019,0.5487,0.0000,0.0000,0.0000,2.8000,0.0000,0.0000,0.0000,0.0000,0.0000,0.0000,0.0000,0.0000,0.0000,3.4268,0.0098,0.0000,0.0000,0.0798,0.0050,0.0000,0.0000,72.8878,2.8207,0.0000,0.0000,37.5008,0.0000,0.0000,0.0000,0.0000,0.0000,0.0000,0.0000,0.0000,0.0000,0.0000,0.0000,6.3051,0.1253,0.0000,0.0000,38.7316,0.7696,0.0000,0.0000,2.3388,0.0470,0.0000,0.0000,14.3670,0.2887,0.0000,0.0000
2045.83,315,'SORG117',230.1936,86.2919,4.5417,137.8980,3.0180,0.0000,0.0000,23.0739,0.2120,0.0000,0.0000,23.0739,0.2120,0.0000,0.0000,0.0000,0.0000,0.0000,0.0000,13.8443,0.1272,0.0000,0.0000,55.3773,0.5089,0.0000,0.0000,0.0000,2.8000,0.0000,0.0000,0.0000,0.0000,0.0000,0.0000,0.0000,0.0000,0.0000,2.6184,0.1270,0.0000,0.0000,0.2934,0.0171,0.0000,0.0000,137.8980,3.0180,0.0000,0.0000,23.0739,0.0000,0.0000,0.0000,0.0000,0.0000,0.0000,0.0000,0.0000,0.0000,0.0000,0.0000,9.2323,0.1775,0.0000,0.0000,56.7127,1.0904,0.0000,0.0000,3.0329,0.0605,0.0000,0.0000,18.6306,0.3718,0.0000,0.0000
2046.83,323,'COT68',160.0432,46.8469,2.4656,41.0122,2.0164,0.0000,0.0000,29.7577,0.2500,0.0000,0.0000,29.7577,0.2500,0.0000,0.0000,0.0000,0.0000,0.0000,0.0000,17.8546,0.1500,0.0000,0.0000,71.4186,0.6000,0.0000,0.0000,0.0000,2.8000,0.0000,0.0000,0.0000,0.0000,0.0000,0.0000,0.0000,0.0000,0.0000,2.2025,0.1360,0.0000,0.0000,0.2398,0.0169,0.0000,0.0000,41.0122,2.0164,0.0000,0.0000,29.7577,0.0000,0.0000,0.0000,0.0000,0.0000,0.0000,0.0000,0.0000,0.0000,0.0000,0.0000,4.7746,0.0959,0.0000,0.0000,29.3296,0.5888,0.0000,0.0000,1.8459,0.0372,0.0000,0.0000,11.3393,0.2283,0.0000,0.0000
2047.83,315,'SORG117',177.2558,75.8933,3.9944,83.7577,2.2996,0.0000,0.0000,23.3745,0.2543,0.0000,0.0000,23.3745,0.2543,0.0000,0.0000,0.0000,0.0000,0.0000,0.0000,14.0247,0.1526,0.0000,0.0000,56.0989,0.6103,0.0000,0.0000,0.0000,2.8000,0.0000,0.0000,0.0000,0.0000,0.0000,0.0000,0.0000,0.0000,0.0000,11.1494,0.5944,0.0000,0.0000,0.8188,0.0497,0.0000,0.0000,83.7577,2.2996,0.0000,0.0000,23.3745,0.0000,0.0000,0.0000,0.0000,0.0000,0.0000,0.0000,0.0000,0.0000,0.0000,0.0000,7.3902,0.1449,0.0000,0.0000,45.3972,0.8900,0.0000,0.0000,3.2972,0.0656,0.0000,0.0000,20.2542,0.4027,0.0000,0.0000
2048.83,323,'COT68',233.9113,56.1162,2.9535,73.6879,3.0463,0.0000,0.0000,40.0558,0.2659,0.0000,0.0000,40.0558,0.2659,0.0000,0.0000,0.0000,0.0000,0.0000,0.0000,24.0335,0.1596,0.0000,0.0000,96.1340,0.6382,0.0000,0.0000,0.0000,2.8000,0.0000,0.0000,0.0000,0.0000,0.0000,0.0000,0.0000,0.0000,0.0000,0.0000,0.0000,0.0000,0.0000,0.3847,0.0266,0.0000,0.0000,73.6879,3.0463,0.0000,0.0000,40.0558,0.0000,0.0000,0.0000,0.0000,0.0000,0.0000,0.0000,0.0000,0.0000,0.0000,0.0000,5.9523,0.1223,0.0000,0.0000,36.5641,0.7511,0.0000,0.0000,2.0108,0.0419,0.0000,0.0000,12.3521,0.2574,0.0000,0.0000
2049.83,315,'SORG117',197.7932,80.3633,4.2297,105.2718,2.7131,0.0000,0.0000,23.1304,0.2435,0.0000,0.0000,23.1304,0.2435,0.0000,0.0000,0.0000,0.0000,0.0000,0.0000,13.8782,0.1461,0.0000,0.0000,55.5129,0.5845,0.0000,0.0000,0.0000,2.8000,0.0000,0.0000,0.0000,0.0000,0.0000,0.0000,0.0000,0.0000,0.0000,0.0000,0.0000,0.0000,0.0000,0.5456,0.0254,0.0000,0.0000,105.2718,2.7131,0.0000,0.0000,23.1304,0.0000,0.0000,0.0000,0.0000,0.0000,0.0000,0.0000,0.0000,0.0000,0.0000,0.0000,8.1984,0.1609,0.0000,0.0000,50.3618,0.9886,0.0000,0.0000,3.1741,0.0631,0.0000,0.0000,19.4982,0.3876,0.0000,0.0000
2050.83,323,'COT68',212.7622,48.7069,2.5635,72.5703,2.7471,0.0000,0.0000,35.0480,0.2037,0.0000,0.0000,35.0480,0.2037,0.0000,0.0000,0.0000,0.0000,0.0000,0.0000,21.0288,0.1222,0.0000,0.0000,84.1152,0.4889,0.0000,0.0000,0.0000,2.8000,0.0000,0.0000,0.0000,0.0000,0.0000,0.0000,0.0000,0.0000,0.0000,15.6126,0.7835,0.0000,0.0000,1.6037,0.1107,0.0000,0.0000,72.5703,2.7471,0.0000,0.0000,35.0480,0.0000,0.0000,0.0000,0.0000,0.0000,0.0000,0.0000,0.0000,0.0000,0.0000,0.0000,5.1362,0.1020,0.0000,0.0000,31.5509,0.6266,0.0000,0.0000,1.7746,0.0354,0.0000,0.0000,10.9011,0.2176,0.0000,0.0000
2051.83,315,'SORG117',196.2215,88.9975,4.6841,102.8832,2.7205,0.0000,0.0000,23.3346,0.2511,0.0000,0.0000,23.3346,0.2511,0.0000,0.0000,0.0000,0.0000,0.0000,0.0000,14.0007,0.1507,0.0000,0.0000,56.0030,0.6027,0.0000,0.0000,0.0000,2.8000,0.0000,0.0000,0.0000,0.0000,0.0000,0.0000,0.0000,0.0000,0.0000,0.0000,0.0000,0.0000,0.0000,0.3359,0.0180,0.0000,0.0000,102.8832,2.7205,0.0000,0.0000,23.3346,0.0000,0.0000,0.0000,0.0000,0.0000,0.0000,0.0000,0.0000,0.0000,0.0000,0.0000,8.8902,0.1762,0.0000,0.0000,54.6109,1.0824,0.0000,0.0000,3.6672,0.0734,0.0000,0.0000,22.5269,0.4511,0.0000,0.0000
2052.83,323,'COT68',219.8950,52.9977,2.7894,69.5701,2.7580,0.0000,0.0000,37.5812,0.2388,0.0000,0.0000,37.5812,0.2388,0.0000,0.0000,0.0000,0.0000,0.0000,0.0000,22.5487,0.1433,0.0000,0.0000,90.1949,0.5731,0.0000,0.0000,0.0000,2.8000,0.0000,0.0000,0.0000,0.0000,0.0000,0.0000,0.0000,0.0000,0.0000,0.6372,0.0227,0.0000,0.0000,0.6279,0.0428,0.0000,0.0000,69.5701,2.7580,0.0000,0.0000,37.5812,0.0000,0.0000,0.0000,0.0000,0.0000,0.0000,0.0000,0.0000,0.0000,0.0000,0.0000,5.6123,0.1126,0.0000,0.0000,34.4753,0.6916,0.0000,0.0000,1.9115,0.0388,0.0000,0.0000,11.7419,0.2381,0.0000,0.0000
2053.83,315,'SORG117',202.9992,93.4783,4.9199,97.4602,2.4279,0.0000,0.0000,26.3848,0.2616,0.0000,0.0000,26.3848,0.2616,0.0000,0.0000,0.0000,0.0000,0.0000,0.0000,15.8309,0.1569,0.0000,0.0000,63.3234,0.6277,0.0000,0.0000,0.0000,2.8000,0.0000,0.0000,0.0000,0.0000,0.0000,0.0000,0.0000,0.0000,0.0000,10.4841,0.5607,0.0000,0.0000,0.7056,0.0365,0.0000,0.0000,97.4602,2.4279,0.0000,0.0000,26.3848,0.0000,0.0000,0.0000,0.0000,0.0000,0.0000,0.0000,0.0000,0.0000,0.0000,0.0000,9.2614,0.1766,0.0000,0.0000,56.8916,1.0848,0.0000,0.0000,3.9253,0.0758,0.0000,0.0000,24.1125,0.4656,0.0000,0.0000
2054.83,323,'COT68',181.4497,39.5400,2.0811,45.7644,2.3797,0.0000,0.0000,33.9213,0.3021,0.0000,0.0000,33.9213,0.3021,0.0000,0.0000,0.0000,0.0000,0.0000,0.0000,20.3528,0.1813,0.0000,0.0000,81.4112,0.7251,0.0000,0.0000,0.0000,2.8000,0.0000,0.0000,0.0000,0.0000,0.0000,0.0000,0.0000,0.0000,0.0000,2.9773,0.0994,0.0000,0.0000,0.2179,0.0151,0.0000,0.0000,45.7644,2.3797,0.0000,0.0000,33.9213,0.0000,0.0000,0.0000,0.0000,0.0000,0.0000,0.0000,0.0000,0.0000,0.0000,0.0000,4.2316,0.0889,0.0000,0.0000,25.9940,0.5462,0.0000,0.0000,1.3892,0.0295,0.0000,0.0000,8.5336,0.1809,0.0000,0.0000
2055.83,315,'SORG117',227.0436,75.0050,3.9476,133.5805,3.2647,0.0000,0.0000,23.3658,0.2388,0.0000,0.0000,23.3658,0.2388,0.0000,0.0000,0.0000,0.0000,0.0000,0.0000,14.0195,0.1433,0.0000,0.0000,56.0779,0.5732,0.0000,0.0000,0.0000,2.8000,0.0000,0.0000,0.0000,0.0000,0.0000,0.0000,0.0000,0.0000,0.0000,0.0000,0.0000,0.0000,0.0000,0.8168,0.0429,0.0000,0.0000,133.5805,3.2647,0.0000,0.0000,23.3658,0.0000,0.0000,0.0000,0.0000,0.0000,0.0000,0.0000,0.0000,0.0000,0.0000,0.0000,8.1623,0.1641,0.0000,0.0000,50.1399,1.0083,0.0000,0.0000,2.5226,0.0525,0.0000,0.0000,15.4960,0.3224,0.0000,0.0000
2056.83,323,'COT68',236.9337,50.4490,2.6552,79.1184,3.1695,0.0000,0.0000,39.4538,0.2460,0.0000,0.0000,39.4538,0.2460,0.0000,0.0000,0.0000,0.0000,0.0000,0.0000,23.6723,0.1476,0.0000,0.0000,94.6892,0.5904,0.0000,0.0000,0.0000,2.8000,0.0000,0.0000,0.0000,0.0000,0.0000,0.0000,0.0000,0.0000,0.0000,8.1651,0.1705,0.0000,0.0000,0.8046,0.0550,0.0000,0.0000,79.1184,3.1695,0.0000,0.0000,39.4538,0.0000,0.0000,0.0000,0.0000,0.0000,0.0000,0.0000,0.0000,0.0000,0.0000,0.0000,5.4433,0.1117,0.0000,0.0000,33.4372,0.6860,0.0000,0.0000,1.7325,0.0359,0.0000,0.0000,10.6425,0.2207,0.0000,0.0000
2057.83,315,'SORG117',224.8968,76.6064,4.0319,131.9193,3.1825,0.0000,0.0000,23.2444,0.2344,0.0000,0.0000,23.2444,0.2344,0.0000,0.0000,0.0000,0.0000,0.0000,0.0000,13.9466,0.1406,0.0000,0.0000,55.7865,0.5625,0.0000,0.0000,0.0000,2.8000,0.0000,0.0000,0.0000,0.0000,0.0000,0.0000,0.0000,0.0000,0.0000,11.3045,0.3037,0.0000,0.0000,0.3336,0.0176,0.0000,0.0000,131.9193,3.1825,0.0000,0.0000,23.2444,0.0000,0.0000,0.0000,0.0000,0.0000,0.0000,0.0000,0.0000,0.0000,0.0000,0.0000,8.2958,0.1641,0.0000,0.0000,50.9599,1.0081,0.0000,0.0000,2.6104,0.0531,0.0000,0.0000,16.0350,0.3260,0.0000,0.0000
2058.83,323,'COT68',191.8839,52.8646,2.7823,54.1525,2.5055,0.0000,0.0000,34.4329,0.2665,0.0000,0.0000,34.4329,0.2665,0.0000,0.0000,0.0000,0.0000,0.0000,0.0000,20.6597,0.1599,0.0000,0.0000,82.6388,0.6396,0.0000,0.0000,0.0000,2.8000,0.0000,0.0000,0.0000,0.0000,0.0000,0.0000,0.0000,0.0000,0.0000,6.9110,0.0433,0.0000,0.0000,0.7361,0.0520,0.0000,0.0000,54.1525,2.5055,0.0000,0.0000,34.4329,0.0000,0.0000,0.0000,0.0000,0.0000,0.0000,0.0000,0.0000,0.0000,0.0000,0.0000,5.4456,0.1111,0.0000,0.0000,33.4513,0.6822,0.0000,0.0000,2.0349,0.0417,0.0000,0.0000,12.5002,0.2562,0.0000,0.0000
2059.83,315,'SORG117',266.6143,95.4182,5.0220,159.7249,3.2028,0.0000,0.0000,26.7224,0.2250,0.0000,0.0000,26.7224,0.2250,0.0000,0.0000,0.0000,0.0000,0.0000,0.0000,16.0334,0.1350,0.0000,0.0000,64.1337,0.5399,0.0000,0.0000,0.0000,2.8000,0.0000,0.0000,0.0000,0.0000,0.0000,0.0000,0.0000,0.0000,0.0000,2.1588,0.0458,0.0000,0.0000,0.6732,0.0355,0.0000,0.0000,159.7249,3.2028,0.0000,0.0000,26.7224,0.0000,0.0000,0.0000,0.0000,0.0000,0.0000,0.0000,0.0000,0.0000,0.0000,0.0000,10.2206,0.1944,0.0000,0.0000,62.7838,1.1942,0.0000,0.0000,3.3418,0.0657,0.0000,0.0000,20.5281,0.4034,0.0000,0.0000
2060.83,323,'COT68',216.9343,62.6629,3.2980,66.3704,2.5714,0.0000,0.0000,37.6410,0.2372,0.0000,0.0000,37.6410,0.2372,0.0000,0.0000,0.0000,0.0000,0.0000,0.0000,22.5846,0.1423,0.0000,0.0000,90.3383,0.5694,0.0000,0.0000,0.0000,2.8000,0.0000,0.0000,0.0000,0.0000,0.0000,0.0000,0.0000,0.0000,0.0000,3.2069,0.0671,0.0000,0.0000,1.0810,0.0620,0.0000,0.0000,66.3704,2.5714,0.0000,0.0000,37.6410,0.0000,0.0000,0.0000,0.0000,0.0000,0.0000,0.0000,0.0000,0.0000,0.0000,0.0000,6.3902,0.1252,0.0000,0.0000,39.2544,0.7688,0.0000,0.0000,2.4674,0.0483,0.0000,0.0000,15.1571,0.2964,0.0000,0.0000
2061.83,315,'SORG117',240.7614,93.9600,4.9453,134.3855,2.6987,0.0000,0.0000,26.5940,0.2207,0.0000,0.0000,26.5940,0.2207,0.0000,0.0000,0.0000,0.0000,0.0000,0.0000,15.9564,0.1324,0.0000,0.0000,63.8256,0.5296,0.0000,0.0000,0.0000,2.8000,0.0000,0.0000,0.0000,0.0000,0.0000,0.0000,0.0000,0.0000,0.0000,43.3164,1.7135,0.0000,0.0000,1.4982,0.0883,0.0000,0.0000,134.3855,2.6987,0.0000,0.0000,26.5940,0.0000,0.0000,0.0000,0.0000,0.0000,0.0000,0.0000,0.0000,0.0000,0.0000,0.0000,10.1154,0.1865,0.0000,0.0000,62.1372,1.1457,0.0000,0.0000,3.2531,0.0615,0.0000,0.0000,19.9834,0.3776,0.0000,0.0000
2062.83,323,'COT68',217.9440,46.5759,2.4514,74.0209,2.9112,0.0000,0.0000,35.9808,0.2179,0.0000,0.0000,35.9808,0.2179,0.0000,0.0000,0.0000,0.0000,0.0000,0.0000,21.5885,0.1307,0.0000,0.0000,86.3539,0.5230,0.0000,0.0000,0.0000,2.8000,0.0000,0.0000,0.0000,0.0000,0.0000,0.0000,0.0000,0.0000,0.0000,7.9734,0.1652,0.0000,0.0000,0.4511,0.0325,0.0000,0.0000,74.0209,2.9112,0.0000,0.0000,35.9808,0.0000,0.0000,0.0000,0.0000,0.0000,0.0000,0.0000,0.0000,0.0000,0.0000,0.0000,5.0902,0.1029,0.0000,0.0000,31.2686,0.6319,0.0000,0.0000,1.5416,0.0317,0.0000,0.0000,9.4699,0.1948,0.0000,0.0000
2063.83,315,'SORG117',267.9030,102.5604,5.3979,160.7418,3.3929,0.0000,0.0000,26.7903,0.2375,0.0000,0.0000,26.7903,0.2375,0.0000,0.0000,0.0000,0.0000,0.0000,0.0000,16.0742,0.1425,0.0000,0.0000,64.2967,0.5700,0.0000,0.0000,0.0000,2.8000,0.0000,0.0000,0.0000,0.0000,0.0000,0.0000,0.0000,0.0000,0.0000,0.5132,0.0050,0.0000,0.0000,0.1841,0.0101,0.0000,0.0000,160.7418,3.3929,0.0000,0.0000,26.7903,0.0000,0.0000,0.0000,0.0000,0.0000,0.0000,0.0000,0.0000,0.0000,0.0000,0.0000,10.8560,0.2099,0.0000,0.0000,66.6867,1.2892,0.0000,0.0000,3.7052,0.0743,0.0000,0.0000,22.7604,0.4562,0.0000,0.0000
2064.83,323,'COT68',185.0663,46.2212,2.4327,52.1457,2.3444,0.0000,0.0000,33.2302,0.2500,0.0000,0.0000,33.2302,0.2500,0.0000,0.0000,0.0000,0.0000,0.0000,0.0000,19.9381,0.1500,0.0000,0.0000,79.7524,0.6001,0.0000,0.0000,0.0000,2.8000,0.0000,0.0000,0.0000,0.0000,0.0000,0.0000,0.0000,0.0000,0.0000,6.4440,0.0620,0.0000,0.0000,0.4329,0.0318,0.0000,0.0000,52.1457,2.3444,0.0000,0.0000,33.2302,0.0000,0.0000,0.0000,0.0000,0.0000,0.0000,0.0000,0.0000,0.0000,0.0000,0.0000,4.8075,0.0972,0.0000,0.0000,29.5316,0.5970,0.0000,0.0000,1.7424,0.0353,0.0000,0.0000,10.7033,0.2171,0.0000,0.0000
2065.83,315,'SORG117',240.8482,92.5782,4.8725,142.9655,3.2299,0.0000,0.0000,24.4707,0.2317,0.0000,0.0000,24.4707,0.2317,0.0000,0.0000,0.0000,0.0000,0.0000,0.0000,14.6824,0.1390,0.0000,0.0000,58.7296,0.5560,0.0000,0.0000,0.0000,2.8000,0.0000,0.0000,0.0000,0.0000,0.0000,0.0000,0.0000,0.0000,0.0000,3.4368,0.0638,0.0000,0.0000,0.6391,0.0344,0.0000,0.0000,142.9655,3.2299,0.0000,0.0000,24.4707,0.0000,0.0000,0.0000,0.0000,0.0000,0.0000,0.0000,0.0000,0.0000,0.0000,0.0000,9.6849,0.1910,0.0000,0.0000,59.4928,1.1735,0.0000,0.0000,3.4392,0.0705,0.0000,0.0000,21.1268,0.4333,0.0000,0.0000
2066.83,323,'COT68',246.0858,58.4572,3.0767,75.2084,2.8441,0.0000,0.0000,42.7193,0.2629,0.0000,0.0000,42.7193,0.2629,0.0000,0.0000,0.0000,0.0000,0.0000,0.0000,25.6316,0.1578,0.0000,0.0000,102.5264,0.6310,0.0000,0.0000,0.0000,2.8000,0.0000,0.0000,0.0000,0.0000,0.0000,0.0000,0.0000,0.0000,0.0000,0.0000,0.0000,0.0000,0.0000,0.7689,0.0557,0.0000,0.0000,75.2084,2.8441,0.0000,0.0000,42.7193,0.0000,0.0000,0.0000,0.0000,0.0000,0.0000,0.0000,0.0000,0.0000,0.0000,0.0000,6.1711,0.1210,0.0000,0.0000,37.9083,0.7436,0.0000,0.0000,2.1240,0.0419,0.0000,0.0000,13.0475,0.2576,0.0000,0.0000
2067.83,315,'SORG117',208.2396,80.6840,4.2465,118.7312,2.9835,0.0000,0.0000,22.3771,0.2335,0.0000,0.0000,22.3771,0.2335,0.0000,0.0000,0.0000,0.0000,0.0000,0.0000,13.4263,0.1401,0.0000,0.0000,53.7050,0.5604,0.0000,0.0000,0.0000,2.8000,0.0000,0.0000,0.0000,0.0000,0.0000,0.0000,0.0000,0.0000,0.0000,0.0000,0.0000,0.0000,0.0000,0.2678,0.0141,0.0000,0.0000,118.7312,2.9835,0.0000,0.0000,22.3771,0.0000,0.0000,0.0000,0.0000,0.0000,0.0000,0.0000,0.0000,0.0000,0.0000,0.0000,8.3699,0.1673,0.0000,0.0000,51.4149,1.0278,0.0000,0.0000,3.0659,0.0632,0.0000,0.0000,18.8333,0.3883,0.0000,0.0000
2068.83,323,'COT68',250.7040,61.8851,3.2571,79.4700,2.7940,0.0000,0.0000,42.8085,0.2410,0.0000,0.0000,42.8085,0.2410,0.0000,0.0000,0.0000,0.0000,0.0000,0.0000,25.6851,0.1446,0.0000,0.0000,102.7404,0.5784,0.0000,0.0000,0.0000,2.8000,0.0000,0.0000,0.0000,0.0000,0.0000,0.0000,0.0000,0.0000,0.0000,14.4802,0.4515,0.0000,0.0000,0.6737,0.0502,0.0000,0.0000,79.4700,2.7940,0.0000,0.0000,42.8085,0.0000,0.0000,0.0000,0.0000,0.0000,0.0000,0.0000,0.0000,0.0000,0.0000,0.0000,6.6715,0.1282,0.0000,0.0000,40.9818,0.7878,0.0000,0.0000,2.1223,0.0412,0.0000,0.0000,13.0369,0.2529,0.0000,0.0000
2069.83,315,'SORG117',246.7104,102.0896,5.3731,148.0262,3.0075,0.0000,0.0000,24.6710,0.2105,0.0000,0.0000,24.6710,0.2105,0.0000,0.0000,0.0000,0.0000,0.0000,0.0000,14.8026,0.1263,0.0000,0.0000,59.2105,0.5053,0.0000,0.0000,0.0000,2.8000,0.0000,0.0000,0.0000,0.0000,0.0000,0.0000,0.0000,0.0000,0.0000,26.5335,1.0560,0.0000,0.0000,0.8772,0.0452,0.0000,0.0000,148.0262,3.0075,0.0000,0.0000,24.6710,0.0000,0.0000,0.0000,0.0000,0.0000,0.0000,0.0000,0.0000,0.0000,0.0000,0.0000,10.6993,0.2017,0.0000,0.0000,65.7242,1.2392,0.0000,0.0000,3.7718,0.0731,0.0000,0.0000,23.1695,0.4492,0.0000,0.0000
2070.83,323,'COT68',214.9388,46.4533,2.4449,74.6925,2.9685,0.0000,0.0000,35.0616,0.2112,0.0000,0.0000,35.0616,0.2112,0.0000,0.0000,0.0000,0.0000,0.0000,0.0000,21.0369,0.1267,0.0000,0.0000,84.1478,0.5069,0.0000,0.0000,0.0000,2.8000,0.0000,0.0000,0.0000,0.0000,0.0000,0.0000,0.0000,0.0000,0.0000,2.6445,0.0424,0.0000,0.0000,1.2073,0.0730,0.0000,0.0000,74.6925,2.9685,0.0000,0.0000,35.0616,0.0000,0.0000,0.0000,0.0000,0.0000,0.0000,0.0000,0.0000,0.0000,0.0000,0.0000,5.0283,0.1025,0.0000,0.0000,30.8882,0.6295,0.0000,0.0000,1.5770,0.0329,0.0000,0.0000,9.6871,0.2018,0.0000,0.0000
2071.83,315,'SORG117',216.3290,89.3524,4.7028,118.5047,2.8157,0.0000,0.0000,24.4561,0.2391,0.0000,0.0000,24.4561,0.2391,0.0000,0.0000,0.0000,0.0000,0.0000,0.0000,14.6736,0.1434,0.0000,0.0000,58.6946,0.5737,0.0000,0.0000,0.0000,2.8000,0.0000,0.0000,0.0000,0.0000,0.0000,0.0000,0.0000,0.0000,0.0000,22.4043,0.3802,0.0000,0.0000,0.7408,0.0375,0.0000,0.0000,118.5047,2.8157,0.0000,0.0000,24.4561,0.0000,0.0000,0.0000,0.0000,0.0000,0.0000,0.0000,0.0000,0.0000,0.0000,0.0000,9.1914,0.1784,0.0000,0.0000,56.4613,1.0958,0.0000,0.0000,3.4607,0.0686,0.0000,0.0000,21.2583,0.4214,0.0000,0.0000
2072.83,323,'COT68',173.2426,47.2338,2.4860,53.1747,2.5499,0.0000,0.0000,30.0170,0.2339,0.0000,0.0000,30.0170,0.2339,0.0000,0.0000,0.0000,0.0000,0.0000,0.0000,18.0102,0.1403,0.0000,0.0000,72.0407,0.5612,0.0000,0.0000,0.0000,2.8000,0.0000,0.0000,0.0000,0.0000,0.0000,0.0000,0.0000,0.0000,0.0000,0.0000,0.0000,0.0000,0.0000,0.1871,0.0142,0.0000,0.0000,53.1747,2.5499,0.0000,0.0000,30.0170,0.0000,0.0000,0.0000,0.0000,0.0000,0.0000,0.0000,0.0000,0.0000,0.0000,0.0000,4.8091,0.1010,0.0000,0.0000,29.5417,0.6203,0.0000,0.0000,1.8650,0.0392,0.0000,0.0000,11.4566,0.2409,0.0000,0.0000
2073.83,315,'SORG117',208.0250,90.9344,4.7860,112.6944,2.8226,0.0000,0.0000,23.8327,0.2449,0.0000,0.0000,23.8327,0.2449,0.0000,0.0000,0.0000,0.0000,0.0000,0.0000,14.2996,0.1469,0.0000,0.0000,57.1984,0.5878,0.0000,0.0000,0.0000,2.8000,0.0000,0.0000,0.0000,0.0000,0.0000,0.0000,0.0000,0.0000,0.0000,0.0000,0.0000,0.0000,0.0000,0.5149,0.0322,0.0000,0.0000,112.6944,2.8226,0.0000,0.0000,23.8327,0.0000,0.0000,0.0000,0.0000,0.0000,0.0000,0.0000,0.0000,0.0000,0.0000,0.0000,9.1573,0.1808,0.0000,0.0000,56.2522,1.1108,0.0000,0.0000,3.6815,0.0735,0.0000,0.0000,22.6146,0.4514,0.0000,0.0000
2074.83,323,'COT68',245.3573,55.2333,2.9070,57.3340,2.7337,0.0000,0.0000,47.0058,0.3872,0.0000,0.0000,47.0058,0.3872,0.0000,0.0000,0.0000,0.0000,0.0000,0.0000,28.2035,0.2323,0.0000,0.0000,112.8139,0.9292,0.0000,0.0000,0.0000,2.8000,0.0000,0.0000,0.0000,0.0000,0.0000,0.0000,0.0000,0.0000,0.0000,0.0000,0.0000,0.0000,0.0000,0.0909,0.0060,0.0000,0.0000,57.3340,2.7337,0.0000,0.0000,47.0058,0.0000,0.0000,0.0000,0.0000,0.0000,0.0000,0.0000,0.0000,0.0000,0.0000,0.0000,5.8136,0.1197,0.0000,0.0000,35.7121,0.7352,0.0000,0.0000,2.0210,0.0423,0.0000,0.0000,12.4149,0.2597,0.0000,0.0000
2075.83,315,'SORG117',255.6033,107.3043,5.6476,151.7727,3.1709,0.0000,0.0000,25.9577,0.2273,0.0000,0.0000,25.9577,0.2273,0.0000,0.0000,0.0000,0.0000,0.0000,0.0000,15.5746,0.1364,0.0000,0.0000,62.2984,0.5454,0.0000,0.0000,0.0000,2.8000,0.0000,0.0000,0.0000,0.0000,0.0000,0.0000,0.0000,0.0000,0.0000,21.9327,1.0403,0.0000,0.0000,0.5520,0.0293,0.0000,0.0000,151.7727,3.1709,0.0000,0.0000,25.9577,0.0000,0.0000,0.0000,0.0000,0.0000,0.0000,0.0000,0.0000,0.0000,0.0000,0.0000,11.3479,0.2159,0.0000,0.0000,69.7086,1.3264,0.0000,0.0000,3.8898,0.0759,0.0000,0.0000,23.8947,0.4660,0.0000,0.0000
2076.83,323,'COT68',238.9126,45.1819,2.3780,70.9907,3.0443,0.0000,0.0000,41.9805,0.2962,0.0000,0.0000,41.9805,0.2962,0.0000,0.0000,0.0000,0.0000,0.0000,0.0000,25.1883,0.1777,0.0000,0.0000,100.7531,0.7109,0.0000,0.0000,0.0000,2.8000,0.0000,0.0000,0.0000,0.0000,0.0000,0.0000,0.0000,0.0000,0.0000,2.0152,0.0505,0.0000,0.0000,0.1957,0.0106,0.0000,0.0000,70.9907,3.0443,0.0000,0.0000,41.9805,0.0000,0.0000,0.0000,0.0000,0.0000,0.0000,0.0000,0.0000,0.0000,0.0000,0.0000,5.0448,0.1041,0.0000,0.0000,30.9894,0.6394,0.0000,0.0000,1.4052,0.0295,0.0000,0.0000,8.6319,0.1813,0.0000,0.0000
2077.83,315,'SORG117',268.5565,90.7165,4.7746,144.6217,3.2912,0.0000,0.0000,30.9837,0.2889,0.0000,0.0000,30.9837,0.2889,0.0000,0.0000,0.0000,0.0000,0.0000,0.0000,18.5902,0.1733,0.0000,0.0000,74.3608,0.6933,0.0000,0.0000,0.0000,2.8000,0.0000,0.0000,0.0000,0.0000,0.0000,0.0000,0.0000,0.0000,0.0000,0.0000,0.0000,0.0000,0.0000,0.7756,0.0375,0.0000,0.0000,144.6217,3.2912,0.0000,0.0000,30.9837,0.0000,0.0000,0.0000,0.0000,0.0000,0.0000,0.0000,0.0000,0.0000,0.0000,0.0000,9.8450,0.1921,0.0000,0.0000,60.4764,1.1798,0.0000,0.0000,3.0785,0.0622,0.0000,0.0000,18.9105,0.3819,0.0000,0.0000
2078.83,323,'COT68',146.9632,44.2103,2.3269,42.2820,2.1664,0.0000,0.0000,26.1703,0.2230,0.0000,0.0000,26.1703,0.2230,0.0000,0.0000,0.0000,0.0000,0.0000,0.0000,15.7022,0.1338,0.0000,0.0000,62.8087,0.5353,0.0000,0.0000,0.0000,2.8000,0.0000,0.0000,0.0000,0.0000,0.0000,0.0000,0.0000,0.0000,0.0000,0.0000,0.0000,0.0000,0.0000,0.0839,0.0063,0.0000,0.0000,42.2820,2.1664,0.0000,0.0000,26.1703,0.0000,0.0000,0.0000,0.0000,0.0000,0.0000,0.0000,0.0000,0.0000,0.0000,0.0000,4.4016,0.0910,0.0000,0.0000,27.0385,0.5589,0.0000,0.0000,1.8277,0.0371,0.0000,0.0000,11.2273,0.2282,0.0000,0.0000
2079.83,315,'SORG117',229.7192,88.5772,4.6620,123.1509,3.2091,0.0000,0.0000,26.6421,0.2841,0.0000,0.0000,26.6421,0.2841,0.0000,0.0000,0.0000,0.0000,0.0000,0.0000,15.9852,0.1705,0.0000,0.0000,63.9410,0.6819,0.0000,0.0000,0.0000,2.8000,0.0000,0.0000,0.0000,0.0000,0.0000,0.0000,0.0000,0.0000,0.0000,2.8612,0.1365,0.0000,0.0000,1.3125,0.0720,0.0000,0.0000,123.1509,3.2091,0.0000,0.0000,26.6421,0.0000,0.0000,0.0000,0.0000,0.0000,0.0000,0.0000,0.0000,0.0000,0.0000,0.0000,9.1204,0.1849,0.0000,0.0000,56.0253,1.1357,0.0000,0.0000,3.4221,0.0706,0.0000,0.0000,21.0217,0.4339,0.0000,0.0000
2080.83,323,'COT68',328.0099,68.6467,3.6130,107.0949,3.7097,0.0000,0.0000,55.2288,0.3017,0.0000,0.0000,55.2288,0.3017,0.0000,0.0000,0.0000,0.0000,0.0000,0.0000,33.1373,0.1810,0.0000,0.0000,132.5490,0.7240,0.0000,0.0000,0.0000,2.8000,0.0000,0.0000,0.0000,0.0000,0.0000,0.0000,0.0000,0.0000,0.0000,20.5508,0.7067,0.0000,0.0000,0.7493,0.0492,0.0000,0.0000,107.0949,3.7097,0.0000,0.0000,55.2288,0.0000,0.0000,0.0000,0.0000,0.0000,0.0000,0.0000,0.0000,0.0000,0.0000,0.0000,7.7468,0.1533,0.0000,0.0000,47.5878,0.9414,0.0000,0.0000,2.0588,0.0418,0.0000,0.0000,12.6468,0.2569,0.0000,0.0000
2081.83,315,'SORG117',173.1574,73.8074,3.8846,94.7267,2.6112,0.0000,0.0000,19.6077,0.2223,0.0000,0.0000,19.6077,0.2223,0.0000,0.0000,0.0000,0.0000,0.0000,0.0000,11.7646,0.1334,0.0000,0.0000,47.0584,0.5335,0.0000,0.0000,0.0000,2.8000,0.0000,0.0000,0.0000,0.0000,0.0000,0.0000,0.0000,0.0000,0.0000,7.9423,0.0637,0.0000,0.0000,0.3271,0.0145,0.0000,0.0000,94.7267,2.6112,0.0000,0.0000,19.6077,0.0000,0.0000,0.0000,0.0000,0.0000,0.0000,0.0000,0.0000,0.0000,0.0000,0.0000,7.4356,0.1496,0.0000,0.0000,45.6758,0.9187,0.0000,0.0000,2.9913,0.0618,0.0000,0.0000,18.3750,0.3796,0.0000,0.0000
2082.83,323,'COT68',242.9107,62.0290,3.2647,80.1302,3.3094,0.0000,0.0000,40.6951,0.2635,0.0000,0.0000,40.6951,0.2635,0.0000,0.0000,0.0000,0.0000,0.0000,0.0000,24.4171,0.1581,0.0000,0.0000,97.6683,0.6324,0.0000,0.0000,0.0000,2.8000,0.0000,0.0000,0.0000,0.0000,0.0000,0.0000,0.0000,0.0000,0.0000,0.0000,0.0000,0.0000,0.0000,1.1010,0.0668,0.0000,0.0000,80.1302,3.3094,0.0000,0.0000,40.6951,0.0000,0.0000,0.0000,0.0000,0.0000,0.0000,0.0000,0.0000,0.0000,0.0000,0.0000,6.5187,0.1357,0.0000,0.0000,40.0434,0.8339,0.0000,0.0000,2.2750,0.0477,0.0000,0.0000,13.9747,0.2928,0.0000,0.0000
2083.83,315,'SORG117',310.2612,111.7448,5.8813,186.1567,3.4570,0.0000,0.0000,31.0261,0.2420,0.0000,0.0000,31.0261,0.2420,0.0000,0.0000,0.0000,0.0000,0.0000,0.0000,18.6157,0.1452,0.0000,0.0000,74.4627,0.5808,0.0000,0.0000,0.0000,2.8000,0.0000,0.0000,0.0000,0.0000,0.0000,0.0000,0.0000,0.0000,0.0000,30.1879,0.6968,0.0000,0.0000,0.9432,0.0502,0.0000,0.0000,186.1567,3.4570,0.0000,0.0000,31.0261,0.0000,0.0000,0.0000,0.0000,0.0000,0.0000,0.0000,0.0000,0.0000,0.0000,0.0000,12.5132,0.2339,0.0000,0.0000,76.8671,1.4365,0.0000,0.0000,3.4329,0.0659,0.0000,0.0000,21.0877,0.4050,0.0000,0.0000
2084.83,323,'COT68',160.3363,48.6269,2.5593,43.3481,2.0797,0.0000,0.0000,29.2471,0.2373,0.0000,0.0000,29.2471,0.2373,0.0000,0.0000,0.0000,0.0000,0.0000,0.0000,17.5482,0.1424,0.0000,0.0000,70.1929,0.5695,0.0000,0.0000,0.0000,2.8000,0.0000,0.0000,0.0000,0.0000,0.0000,0.0000,0.0000,0.0000,0.0000,1.4710,0.0038,0.0000,0.0000,0.3080,0.0210,0.0000,0.0000,43.3481,2.0797,0.0000,0.0000,29.2471,0.0000,0.0000,0.0000,0.0000,0.0000,0.0000,0.0000,0.0000,0.0000,0.0000,0.0000,4.7752,0.0964,0.0000,0.0000,29.3335,0.5919,0.0000,0.0000,2.0766,0.0420,0.0000,0.0000,12.7563,0.2578,0.0000,0.0000
2085.83,315,'SORG117',301.5629,112.0000,5.8947,173.4019,3.4842,0.0000,0.0000,32.0403,0.2679,0.0000,0.0000,32.0403,0.2679,0.0000,0.0000,0.0000,0.0000,0.0000,0.0000,19.2242,0.1607,0.0000,0.0000,76.8966,0.6429,0.0000,0.0000,0.0000,2.8000,0.0000,0.0000,0.0000,0.0000,0.0000,0.0000,0.0000,0.0000,0.0000,18.6467,0.3620,0.0000,0.0000,0.5929,0.0338,0.0000,0.0000,173.4019,3.4842,0.0000,0.0000,32.0403,0.0000,0.0000,0.0000,0.0000,0.0000,0.0000,0.0000,0.0000,0.0000,0.0000,0.0000,12.0433,0.2296,0.0000,0.0000,73.9804,1.4104,0.0000,0.0000,3.8914,0.0765,0.0000,0.0000,23.9043,0.4701,0.0000,0.0000
2086.83,323,'COT68',195.7950,52.3770,2.7567,57.0284,2.3159,0.0000,0.0000,34.6916,0.2334,0.0000,0.0000,34.6916,0.2334,0.0000,0.0000,0.0000,0.0000,0.0000,0.0000,20.8150,0.1400,0.0000,0.0000,83.2599,0.5602,0.0000,0.0000,0.0000,2.8000,0.0000,0.0000,0.0000,0.0000,0.0000,0.0000,0.0000,0.0000,0.0000,12.3508,0.2763,0.0000,0.0000,1.4099,0.0797,0.0000,0.0000,57.0284,2.3159,0.0000,0.0000,34.6916,0.0000,0.0000,0.0000,0.0000,0.0000,0.0000,0.0000,0.0000,0.0000,0.0000,0.0000,5.4320,0.1062,0.0000,0.0000,33.3683,0.6525,0.0000,0.0000,1.9840,0.0386,0.0000,0.0000,12.1876,0.2369,0.0000,0.0000
2087.83,315,'SORG117',239.5114,86.6530,4.5607,134.6060,3.1632,0.0000,0.0000,26.2264,0.2551,0.0000,0.0000,26.2264,0.2551,0.0000,0.0000,0.0000,0.0000,0.0000,0.0000,15.7358,0.1530,0.0000,0.0000,62.9433,0.6122,0.0000,0.0000,0.0000,2.8000,0.0000,0.0000,0.0000,0.0000,0.0000,0.0000,0.0000,0.0000,0.0000,12.3333,0.1721,0.0000,0.0000,0.5133,0.0280,0.0000,0.0000,134.6060,3.1632,0.0000,0.0000,26.2264,0.0000,0.0000,0.0000,0.0000,0.0000,0.0000,0.0000,0.0000,0.0000,0.0000,0.0000,9.1521,0.1801,0.0000,0.0000,56.2199,1.1062,0.0000,0.0000,3.1513,0.0637,0.0000,0.0000,19.3577,0.3914,0.0000,0.0000
2088.83,323,'COT68',289.7564,68.5174,3.6062,101.4147,3.6486,0.0000,0.0000,47.0854,0.2554,0.0000,0.0000,47.0854,0.2554,0.0000,0.0000,0.0000,0.0000,0.0000,0.0000,28.2512,0.1532,0.0000,0.0000,113.0050,0.6130,0.0000,0.0000,0.0000,2.8000,0.0000,0.0000,0.0000,0.0000,0.0000,0.0000,0.0000,0.0000,0.0000,9.2535,0.4292,0.0000,0.0000,0.3777,0.0239,0.0000,0.0000,101.4147,3.6486,0.0000,0.0000,47.0854,0.0000,0.0000,0.0000,0.0000,0.0000,0.0000,0.0000,0.0000,0.0000,0.0000,0.0000,7.4959,0.1512,0.0000,0.0000,46.0461,0.9291,0.0000,0.0000,2.2521,0.0466,0.0000,0.0000,13.8343,0.2865,0.0000,0.0000
2089.83,315,'SORG117',277.2359,104.1669,5.4825,166.1835,3.3048,0.0000,0.0000,27.7631,0.2318,0.0000,0.0000,27.7631,0.2318,0.0000,0.0000,0.0000,0.0000,0.0000,0.0000,16.6579,0.1391,0.0000,0.0000,66.6315,0.5564,0.0000,0.0000,0.0000,2.8000,0.0000,0.0000,0.0000,0.0000,0.0000,0.0000,0.0000,0.0000,0.0000,9.4953,0.2159,0.0000,0.0000,0.8901,0.0426,0.0000,0.0000,166.1835,3.3048,0.0000,0.0000,27.7631,0.0000,0.0000,0.0000,0.0000,0.0000,0.0000,0.0000,0.0000,0.0000,0.0000,0.0000,11.3556,0.2149,0.0000,0.0000,69.7557,1.3204,0.0000,0.0000,3.4744,0.0681,0.0000,0.0000,21.3430,0.4182,0.0000,0.0000
2090.83,323,'COT68',209.1154,43.8799,2.3095,54.7636,2.5672,0.0000,0.0000,38.5880,0.3079,0.0000,0.0000,38.5880,0.3079,0.0000,0.0000,0.0000,0.0000,0.0000,0.0000,23.1528,0.1847,0.0000,0.0000,92.6111,0.7390,0.0000,0.0000,0.0000,2.8000,0.0000,0.0000,0.0000,0.0000,0.0000,0.0000,0.0000,0.0000,0.0000,0.0106,0.0001,0.0000,0.0000,0.2439,0.0169,0.0000,0.0000,54.7636,2.5672,0.0000,0.0000,38.5880,0.0000,0.0000,0.0000,0.0000,0.0000,0.0000,0.0000,0.0000,0.0000,0.0000,0.0000,4.7238,0.0968,0.0000,0.0000,29.0174,0.5948,0.0000,0.0000,1.5220,0.0315,0.0000,0.0000,9.3494,0.1937,0.0000,0.0000
2091.83,315,'SORG117',207.6454,69.0175,3.6325,100.7996,2.8662,0.0000,0.0000,26.7114,0.3031,0.0000,0.0000,26.7114,0.3031,0.0000,0.0000,0.0000,0.0000,0.0000,0.0000,16.0269,0.1819,0.0000,0.0000,64.1075,0.7275,0.0000,0.0000,0.0000,2.8000,0.0000,0.0000,0.0000,0.0000,0.0000,0.0000,0.0000,0.0000,0.0000,0.9240,0.0000,0.0000,0.0000,0.1874,0.0104,0.0000,0.0000,100.7996,2.8662,0.0000,0.0000,26.7114,0.0000,0.0000,0.0000,0.0000,0.0000,0.0000,0.0000,0.0000,0.0000,0.0000,0.0000,7.2315,0.1474,0.0000,0.0000,44.4218,0.9053,0.0000,0.0000,2.5640,0.0536,0.0000,0.0000,15.7502,0.3293,0.0000,0.0000
2092.83,323,'COT68',236.9499,55.0799,2.8989,80.9144,3.1071,0.0000,0.0000,39.0089,0.2298,0.0000,0.0000,39.0089,0.2298,0.0000,0.0000,0.0000,0.0000,0.0000,0.0000,23.4053,0.1379,0.0000,0.0000,93.6213,0.5516,0.0000,0.0000,0.0000,2.8000,0.0000,0.0000,0.0000,0.0000,0.0000,0.0000,0.0000,0.0000,0.0000,0.0000,0.0000,0.0000,0.0000,1.1165,0.0819,0.0000,0.0000,80.9144,3.1071,0.0000,0.0000,39.0089,0.0000,0.0000,0.0000,0.0000,0.0000,0.0000,0.0000,0.0000,0.0000,0.0000,0.0000,5.8946,0.1195,0.0000,0.0000,36.2097,0.7343,0.0000,0.0000,1.9329,0.0393,0.0000,0.0000,11.8735,0.2417,0.0000,0.0000
2093.83,315,'SORG117',246.4099,104.1635,5.4823,141.1411,2.9934,0.0000,0.0000,26.3172,0.2320,0.0000,0.0000,26.3172,0.2320,0.0000,0.0000,0.0000,0.0000,0.0000,0.0000,15.7903,0.1392,0.0000,0.0000,63.1612,0.5569,0.0000,0.0000,0.0000,2.8000,0.0000,0.0000,0.0000,0.0000,0.0000,0.0000,0.0000,0.0000,0.0000,8.6758,0.6212,0.0000,0.0000,0.5342,0.0312,0.0000,0.0000,141.1411,2.9934,0.0000,0.0000,26.3172,0.0000,0.0000,0.0000,0.0000,0.0000,0.0000,0.0000,0.0000,0.0000,0.0000,0.0000,10.6598,0.2029,0.0000,0.0000,65.4817,1.2464,0.0000,0.0000,4.0786,0.0795,0.0000,0.0000,25.0544,0.4881,0.0000,0.0000
2094.83,323,'COT68',288.0681,53.8552,2.8345,97.3662,3.5882,0.0000,0.0000,47.6755,0.2714,0.0000,0.0000,47.6755,0.2714,0.0000,0.0000,0.0000,0.0000,0.0000,0.0000,28.6053,0.1628,0.0000,0.0000,114.4211,0.6513,0.0000,0.0000,0.0000,2.8000,0.0000,0.0000,0.0000,0.0000,0.0000,0.0000,0.0000,0.0000,0.0000,0.0002,0.0000,0.0000,0.0000,0.2864,0.0169,0.0000,0.0000,97.3662,3.5882,0.0000,0.0000,47.6755,0.0000,0.0000,0.0000,0.0000,0.0000,0.0000,0.0000,0.0000,0.0000,0.0000,0.0000,6.0583,0.1220,0.0000,0.0000,37.2153,0.7495,0.0000,0.0000,1.6393,0.0339,0.0000,0.0000,10.0698,0.2080,0.0000,0.0000
2095.83,315,'SORG117',258.5335,80.6678,4.2457,150.2255,3.4282,0.0000,0.0000,27.0770,0.2577,0.0000,0.0000,27.0770,0.2577,0.0000,0.0000,0.0000,0.0000,0.0000,0.0000,16.2462,0.1546,0.0000,0.0000,64.9848,0.6185,0.0000,0.0000,0.0000,2.8000,0.0000,0.0000,0.0000,0.0000,0.0000,0.0000,0.0000,0.0000,0.0000,0.0000,0.0000,0.0000,0.0000,0.3568,0.0181,0.0000,0.0000,150.2255,3.4282,0.0000,0.0000,27.0770,0.0000,0.0000,0.0000,0.0000,0.0000,0.0000,0.0000,0.0000,0.0000,0.0000,0.0000,9.0250,0.1771,0.0000,0.0000,55.4390,1.0882,0.0000,0.0000,2.4991,0.0510,0.0000,0.0000,15.3519,0.3135,0.0000,0.0000
2096.83,323,'COT68',306.1691,63.2173,3.3272,106.5391,3.5405,0.0000,0.0000,49.9075,0.2511,0.0000,0.0000,49.9075,0.2511,0.0000,0.0000,0.0000,0.0000,0.0000,0.0000,29.9445,0.1507,0.0000,0.0000,119.7780,0.6027,0.0000,0.0000,0.0000,2.8000,0.0000,0.0000,0.0000,0.0000,0.0000,0.0000,0.0000,0.0000,0.0000,0.0000,0.0000,0.0000,0.0000,0.5151,0.0343,0.0000,0.0000,106.5391,3.5405,0.0000,0.0000,49.9075,0.0000,0.0000,0.0000,0.0000,0.0000,0.0000,0.0000,0.0000,0.0000,0.0000,0.0000,7.0391,0.1380,0.0000,0.0000,43.2400,0.8480,0.0000,0.0000,1.9796,0.0397,0.0000,0.0000,12.1607,0.2436,0.0000,0.0000
2097.83,315,'SORG117',232.5304,76.7247,4.0381,134.8148,3.0907,0.0000,0.0000,24.4289,0.2335,0.0000,0.0000,24.4289,0.2335,0.0000,0.0000,0.0000,0.0000,0.0000,0.0000,14.6573,0.1401,0.0000,0.0000,58.6293,0.5603,0.0000,0.0000,0.0000,2.8000,0.0000,0.0000,0.0000,0.0000,0.0000,0.0000,0.0000,0.0000,0.0000,6.8908,0.3927,0.0000,0.0000,0.5917,0.0294,0.0000,0.0000,134.8148,3.0907,0.0000,0.0000,24.4289,0.0000,0.0000,0.0000,0.0000,0.0000,0.0000,0.0000,0.0000,0.0000,0.0000,0.0000,8.2997,0.1615,0.0000,0.0000,50.9838,0.9924,0.0000,0.0000,2.6303,0.0526,0.0000,0.0000,16.1575,0.3233,0.0000,0.0000
2098.83,323,'COT68',263.7257,70.2064,3.6951,82.8805,2.9488,0.0000,0.0000,45.2113,0.2586,0.0000,0.0000,45.2113,0.2586,0.0000,0.0000,0.0000,0.0000,0.0000,0.0000,27.1268,0.1552,0.0000,0.0000,108.5072,0.6207,0.0000,0.0000,0.0000,2.8000,0.0000,0.0000,0.0000,0.0000,0.0000,0.0000,0.0000,0.0000,0.0000,12.2492,0.2441,0.0000,0.0000,0.8423,0.0510,0.0000,0.0000,82.8805,2.9488,0.0000,0.0000,45.2113,0.0000,0.0000,0.0000,0.0000,0.0000,0.0000,0.0000,0.0000,0.0000,0.0000,0.0000,7.4415,0.1442,0.0000,0.0000,45.7121,0.8860,0.0000,0.0000,2.5173,0.0492,0.0000,0.0000,15.4632,0.3021,0.0000,0.0000
2099.83,315,'SORG117',197.3100,83.9791,4.4200,108.1731,2.6371,0.0000,0.0000,22.2842,0.2235,0.0000,0.0000,22.2842,0.2235,0.0000,0.0000,0.0000,0.0000,0.0000,0.0000,13.3705,0.1341,0.0000,0.0000,53.4822,0.5365,0.0000,0.0000,0.0000,2.8000,0.0000,0.0000,0.0000,0.0000,0.0000,0.0000,0.0000,0.0000,0.0000,4.2592,0.1642,0.0000,0.0000,0.9102,0.0533,0.0000,0.0000,108.1731,2.6371,0.0000,0.0000,22.2842,0.0000,0.0000,0.0000,0.0000,0.0000,0.0000,0.0000,0.0000,0.0000,0.0000,0.0000,8.5125,0.1655,0.0000,0.0000,52.2909,1.0168,0.0000,0.0000,3.3553,0.0658,0.0000,0.0000,20.6110,0.4041,0.0000,0.0000
