source,id,datetime,species,days_on_field,temp_cum,dvs_flush,dC_fru[kgCha-1],dC_fru_export[kgCha-1],dC_fol[kgCha-1],dC_fol_export[kgCha-1],dC_frt[kgCha-1],dC_frt_export[kgCha-1],dC_lst_above[kgCha-1],dC_lst_above_export[kgCha-1],dC_lst_below[kgCha-1],dC_lst_below_export[kgCha-1],dC_dst_above[kgCha-1],dC_dst_above_export[kgCha-1],dC_dst_below[kgCha-1],dC_dst_below_export[kgCha-1],dC_straw[kgCha-1],dC_straw_export[kgCha-1],dC_stubble[kgCha-1],dN_fru[kgNha-1],dN_fru_export[kgNha-1],dN_fol[kgNha-1],dN_fol_export[kgNha-1],dN_frt[kgNha-1],dN_frt_export[kgNha-1],dN_lst_above[kgNha-1],dN_lst_above_export[kgNha-1],dN_lst_below[kgNha-1],dN_lst_below_export[kgNha-1],dN_dst_above[kgNha-1],dN_dst_above_export[kgNha-1],dN_dst_below[kgNha-1],dN_dst_below_export[kgNha-1],dN_straw[kgNha-1],dN_straw_export[kgNha-1],dN_stubble[kgNha-1]
setup,0,1850-10-23 00:00:00,FOCO,172,2895.52,1,600.883,600.883,0,0,181.258,0,0,0,0,0,0,0,0,0,871.186,653.389,217.796,10.0524,10.0524,0,0,1.52642,0,0,0,0,0,0,0,0,0,8.53005,6.39754,2.13251
setup,0,1851-10-23 00:00:00,FOCO,172,2895.52,1,572.532,572.532,0,0,158.101,0,0,0,0,0,0,0,0,0,767.519,575.639,191.88,10.8665,10.8665,0,0,1.53135,0,0,0,0,0,0,0,0,0,8.42766,6.32075,2.10692
setup,0,1852-10-23 00:00:00,FOCO,172,2893.77,1,524.29,524.29,0,0,157.122,0,0,0,0,0,0,0,0,0,756.937,567.703,189.234,9.36894,9.36894,0,0,1.42353,0,0,0,0,0,0,0,0,0,7.8688,5.9016,1.9672
setup,0,1853-10-23 00:00:00,FOCO,172,2893.77,1,534.048,534.048,0,0,157.171,0,0,0,0,0,0,0,0,0,758.28,568.71,189.57,9.711,9.711,0,0,1.45177,0,0,0,0,0,0,0,0,0,8.01101,6.00826,2.00275
setup,0,1854-10-23 00:00:00,FOCO,172,2893.77,1,549.616,549.616,0,0,158.553,0,0,0,0,0,0,0,0,0,766.332,574.749,191.583,10.1376,10.1376,0,0,1.48782,0,0,0,0,0,0,0,0,0,8.19923,6.14942,2.04981
setup,0,1855-10-23 00:00:00,FOCO,172,2893.77,1,558.433,558.433,0,0,159.397,0,0,0,0,0,0,0,0,0,771.509,578.632,192.877,10.444,10.444,0,0,1.51898,0,0,0,0,0,0,0,0,0,8.36204,6.27153,2.09051
setup,0,1856-10-23 00:00:00,FOCO,172,2894.69,1,570.642,570.642,0,0,162.732,0,0,0,0,0,0,0,0,0,781.248,585.936,195.312,10.6628,10.6628,0,0,1.54914,0,0,0,0,0,0,0,0,0,8.45881,6.34411,2.1147
setup,0,1857-10-23 00:00:00,FOCO,172,2894.69,1,572.482,572.482,0,0,162.398,0,0,0,0,0,0,0,0,0,780.207,585.155,195.052,10.74,10.74,0,0,1.55282,0,0,0,0,0,0,0,0,0,8.47766,6.35824,2.11941
setup,0,1858-10-23 00:00:00,FOCO,172,2894.69,1,575.284,575.284,0,0,162.303,0,0,0,0,0,0,0,0,0,780.378,585.284,195.095,10.815,10.815,0,0,1.55547,0,0,0,0,0,0,0,0,0,8.49521,6.37141,2.1238
setup,0,1859-10-23 00:00:00,FOCO,172,2894.69,1,576.729,576.729,0,0,162.417,0,0,0,0,0,0,0,0,0,781.04,585.78,195.26,10.8566,10.8566,0,0,1.55887,0,0,0,0,0,0,0,0,0,8.51298,6.38473,2.12824
setup,0,1860-10-23 00:00:00,FOCO,172,2894.29,1,578.483,578.483,0,0,165.194,0,0,0,0,0,0,0,0,0,787.331,590.498,196.833,10.8697,10.8697,0,0,1.58229,0,0,0,0,0,0,0,0,0,8.56682,6.42512,2.14171
setup,0,1861-10-23 00:00:00,FOCO,172,2894.29,1,578.09,578.09,0,0,165.217,0,0,0,0,0,0,0,0,0,787.174,590.381,196.794,10.8588,10.8588,0,0,1.58194,0,0,0,0,0,0,0,0,0,8.56266,6.42199,2.14066
setup,0,1862-10-23 00:00:00,FOCO,172,2894.29,1,578.321,578.321,0,0,165.067,0,0,0,0,0,0,0,0,0,786.766,590.075,196.692,10.8775,10.8775,0,0,1.58283,0,0,0,0,0,0,0,0,0,8.56835,6.42627,2.14209
setup,0,1863-10-23 00:00:00,FOCO,172,2894.29,1,578.788,578.788,0,0,165.134,0,0,0,0,0,0,0,0,0,787.131,590.348,196.783,10.893,10.893,0,0,1.58455,0,0,0,0,0,0,0,0,0,8.57704,6.43278,2.14426
setup,0,1864-10-23 00:00:00,FOCO,172,2895.72,1,590.511,590.511,0,0,168.656,0,0,0,0,0,0,0,0,0,795.654,596.74,198.913,10.9755,10.9755,0,0,1.596,0,0,0,0,0,0,0,0,0,8.5739,6.43042,2.14347
setup,0,1865-10-23 00:00:00,FOCO,172,2895.72,1,587.56,587.56,0,0,168.239,0,0,0,0,0,0,0,0,0,794.175,595.631,198.544,10.9174,10.9174,0,0,1.59154,0,0,0,0,0,0,0,0,0,8.55584,6.41688,2.13896
setup,0,1866-10-23 00:00:00,FOCO,172,2895.72,1,588.103,588.103,0,0,168.306,0,0,0,0,0,0,0,0,0,794.618,595.964,198.655,10.9371,10.9371,0,0,1.59372,0,0,0,0,0,0,0,0,0,8.56735,6.42551,2.14184
setup,0,1867-10-23 00:00:00,FOCO,172,2895.72,1,588.424,588.424,0,0,168.344,0,0,0,0,0,0,0,0,0,794.839,596.129,198.71,10.95,10.95,0,0,1.59521,0,0,0,0,0,0,0,0,0,8.5746,6.43095,2.14365
setup,0,1868-10-23 00:00:00,FOCO,172,2898.75,1,590.619,590.619,0,0,168.819,0,0,0,0,0,0,0,0,0,804.95,603.712,201.237,10.9527,10.9527,0,0,1.59357,0,0,0,0,0,0,0,0,0,8.65548,6.49161,2.16387
setup,0,1869-10-23 00:00:00,FOCO,172,2898.75,1,588.687,588.687,0,0,168.142,0,0,0,0,0,0,0,0,0,802.594,601.946,200.649,10.9288,10.9288,0,0,1.58911,0,0,0,0,0,0,0,0,0,8.63804,6.47853,2.15951
setup,0,1870-10-23 00:00:00,FOCO,172,2898.75,1,588.962,588.962,0,0,168.128,0,0,0,0,0,0,0,0,0,802.665,601.999,200.666,10.9409,10.9409,0,0,1.59009,0,0,0,0,0,0,0,0,0,8.6437,6.48277,2.16092
setup,0,1871-10-23 00:00:00,FOCO,172,2898.75,1,589.157,589.157,0,0,168.144,0,0,0,0,0,0,0,0,0,802.749,602.062,200.687,10.9467,10.9467,0,0,1.59059,0,0,0,0,0,0,0,0,0,8.64614,6.48461,2.16154
setup,0,1872-10-23 00:00:00,FOCO,172,2901.79,1,592.83,592.83,0,0,168.885,0,0,0,0,0,0,0,0,0,804.152,603.114,201.038,11.0022,11.0022,0,0,1.59552,0,0,0,0,0,0,0,0,0,8.65084,6.48813,2.16271
setup,0,1873-10-23 00:00:00,FOCO,172,2901.79,1,592.35,592.35,0,0,168.772,0,0,0,0,0,0,0,0,0,803.7,602.775,200.925,10.9891,10.9891,0,0,1.59378,0,0,0,0,0,0,0,0,0,8.64308,6.48231,2.16077
setup,0,1874-10-23 00:00:00,FOCO,172,2901.79,1,592.425,592.425,0,0,168.735,0,0,0,0,0,0,0,0,0,803.575,602.681,200.894,10.9939,10.9939,0,0,1.59398,0,0,0,0,0,0,0,0,0,8.64415,6.48312,2.16104
setup,0,1875-10-23 00:00:00,FOCO,172,2901.79,1,592.534,592.534,0,0,168.747,0,0,0,0,0,0,0,0,0,803.664,602.748,200.916,10.9969,10.9969,0,0,1.59424,0,0,0,0,0,0,0,0,0,8.6457,6.48428,2.16143
setup,0,1876-08-30 00:00:00,FOCO,118,2164.88,1,591.813,591.813,0,0,223.686,0,0,0,0,0,0,0,0,0,809.359,607.019,202.34,9.05218,9.05218,0,0,1.70477,0,0,0,0,0,0,0,0,0,7.29899,5.47424,1.82475
setup,0,1877-08-30 00:00:00,FOCO,118,2164.88,1,607.223,607.223,0,0,227.535,0,0,0,0,0,0,0,0,0,821.861,616.396,205.465,9.36396,9.36396,0,0,1.7498,0,0,0,0,0,0,0,0,0,7.46788,5.60091,1.86697
setup,0,1878-08-30 00:00:00,FOCO,118,2164.88,1,609.165,609.165,0,0,227.692,0,0,0,0,0,0,0,0,0,822.297,616.723,205.574,9.41189,9.41189,0,0,1.75469,0,0,0,0,0,0,0,0,0,7.48453,5.6134,1.87113
setup,0,1879-08-30 00:00:00,FOCO,118,2164.88,1,611.009,611.009,0,0,227.909,0,0,0,0,0,0,0,0,0,823.139,617.354,205.785,9.4632,9.4632,0,0,1.76106,0,0,0,0,0,0,0,0,0,7.50827,5.6312,1.87707
setup,0,1880-08-30 00:00:00,FOCO,118,2170.29,1,617.08,617.08,0,0,229.549,0,0,0,0,0,0,0,0,0,827.245,620.434,206.811,9.51288,9.51288,0,0,1.76463,0,0,0,0,0,0,0,0,0,7.51563,5.63672,1.87891
setup,0,1881-08-30 00:00:00,FOCO,118,2170.29,1,617.297,617.297,0,0,229.766,0,0,0,0,0,0,0,0,0,827.848,620.886,206.962,9.5163,9.5163,0,0,1.76631,0,0,0,0,0,0,0,0,0,7.5208,5.6406,1.8802
setup,0,1882-08-30 00:00:00,FOCO,118,2170.29,1,618.235,618.235,0,0,229.751,0,0,0,0,0,0,0,0,0,827.864,620.898,206.966,9.54323,9.54323,0,0,1.76874,0,0,0,0,0,0,0,0,0,7.52966,5.64725,1.88242
setup,0,1883-08-30 00:00:00,FOCO,118,2170.29,1,618.98,618.98,0,0,229.842,0,0,0,0,0,0,0,0,0,828.24,621.18,207.06,9.56199,9.56199,0,0,1.77092,0,0,0,0,0,0,0,0,0,7.5381,5.65357,1.88452
setup,0,1884-08-30 00:00:00,FOCO,118,2178.47,1,621.88,621.88,0,0,233.282,0,0,0,0,0,0,0,0,0,832.358,624.268,208.089,9.57821,9.57821,0,0,1.79151,0,0,0,0,0,0,0,0,0,7.55672,5.66754,1.88918
setup,0,1885-08-30 00:00:00,FOCO,118,2178.47,1,620.197,620.197,0,0,232.917,0,0,0,0,0,0,0,0,0,831.711,623.783,207.928,9.55288,9.55288,0,0,1.78883,0,0,0,0,0,0,0,0,0,7.55099,5.66324,1.88775
setup,0,1886-08-30 00:00:00,FOCO,118,2178.47,1,621.222,621.222,0,0,232.927,0,0,0,0,0,0,0,0,0,831.7,623.775,207.925,9.57636,9.57636,0,0,1.79049,0,0,0,0,0,0,0,0,0,7.55624,5.66718,1.88906
setup,0,1887-08-30 00:00:00,FOCO,118,2178.47,1,621.766,621.766,0,0,232.981,0,0,0,0,0,0,0,0,0,831.912,623.934,207.978,9.58986,9.58986,0,0,1.79196,0,0,0,0,0,0,0,0,0,7.56171,5.67129,1.89043
setup,0,1888-08-30 00:00:00,FOCO,118,2184.99,1,618.087,618.087,0,0,229.41,0,0,0,0,0,0,0,0,0,833.546,625.16,208.387,9.56121,9.56121,0,0,1.77028,0,0,0,0,0,0,0,0,0,7.5938,5.69535,1.89845
setup,0,1889-08-30 00:00:00,FOCO,118,2184.99,1,618.411,618.411,0,0,229.388,0,0,0,0,0,0,0,0,0,833.549,625.162,208.387,9.56888,9.56888,0,0,1.77065,0,0,0,0,0,0,0,0,0,7.59549,5.69662,1.89887
setup,0,1890-08-30 00:00:00,FOCO,118,2184.99,1,618.543,618.543,0,0,229.293,0,0,0,0,0,0,0,0,0,833.353,625.015,208.338,9.57533,9.57533,0,0,1.77082,0,0,0,0,0,0,0,0,0,7.59679,5.6976,1.8992
setup,0,1891-08-30 00:00:00,FOCO,118,2184.99,1,618.84,618.84,0,0,229.313,0,0,0,0,0,0,0,0,0,833.415,625.061,208.354,9.58377,9.58377,0,0,1.77175,0,0,0,0,0,0,0,0,0,7.60007,5.70005,1.90002
setup,0,1892-08-30 00:00:00,FOCO,118,2189.38,1,620.028,620.028,0,0,231.148,0,0,0,0,0,0,0,0,0,836.233,627.175,209.058,9.56142,9.56142,0,0,1.77758,0,0,0,0,0,0,0,0,0,7.59884,5.69913,1.89971
setup,0,1893-08-30 00:00:00,FOCO,118,2189.38,1,618.97,618.97,0,0,230.871,0,0,0,0,0,0,0,0,0,835.383,626.537,208.846,9.54004,9.54004,0,0,1.77441,0,0,0,0,0,0,0,0,0,7.58741,5.69056,1.89685
setup,0,1894-08-30 00:00:00,FOCO,118,2189.38,1,619.102,619.102,0,0,230.602,0,0,0,0,0,0,0,0,0,834.781,626.086,208.695,9.5515,9.5515,0,0,1.77427,0,0,0,0,0,0,0,0,0,7.58855,5.69142,1.89714
setup,0,1895-08-30 00:00:00,FOCO,118,2189.38,1,619.477,619.477,0,0,230.646,0,0,0,0,0,0,0,0,0,834.924,626.193,208.731,9.55972,9.55972,0,0,1.77511,0,0,0,0,0,0,0,0,0,7.59157,5.69368,1.89789
setup,0,1896-08-30 00:00:00,FOCO,118,2193.7,1,620.38,620.38,0,0,235.143,0,0,0,0,0,0,0,0,0,844.84,633.63,211.21,9.56249,9.56249,0,0,1.80742,0,0,0,0,0,0,0,0,0,7.6754,5.75655,1.91885
setup,0,1897-08-30 00:00:00,FOCO,118,2193.7,1,619.087,619.087,0,0,235.188,0,0,0,0,0,0,0,0,0,844.921,633.691,211.23,9.52556,9.52556,0,0,1.80421,0,0,0,0,0,0,0,0,0,7.66347,5.7476,1.91587
setup,0,1898-08-30 00:00:00,FOCO,118,2193.7,1,619.316,619.316,0,0,235.096,0,0,0,0,0,0,0,0,0,844.681,633.511,211.17,9.53318,9.53318,0,0,1.80435,0,0,0,0,0,0,0,0,0,7.66404,5.74803,1.91601
setup,0,1899-08-30 00:00:00,FOCO,118,2193.7,1,619.651,619.651,0,0,235.132,0,0,0,0,0,0,0,0,0,844.82,633.615,211.205,9.54199,9.54199,0,0,1.8054,0,0,0,0,0,0,0,0,0,7.66793,5.75095,1.91698
setup,0,1900-08-30 00:00:00,FOCO,118,2193.7,1,620.049,620.049,0,0,235.097,0,0,0,0,0,0,0,0,0,844.622,633.467,211.156,9.55032,9.55032,0,0,1.80558,0,0,0,0,0,0,0,0,0,7.66767,5.75076,1.91692
setup,0,1901-10-17 00:00:00,FOCO,166,2829.06,1,1000.74,1000.74,0,0,222.445,0,0,0,0,0,0,0,0,0,1037.45,778.089,259.363,20.0709,20.0709,0,0,2.28959,0,0,0,0,0,0,0,0,0,11.9667,8.97503,2.99168
setup,0,1902-10-17 00:00:00,FOCO,166,2829.06,1,974.399,974.399,0,0,217.015,0,0,0,0,0,0,0,0,0,1008.94,756.703,252.234,19.8163,19.8163,0,0,2.26846,0,0,0,0,0,0,0,0,0,11.781,8.83577,2.94526
setup,0,1903-10-17 00:00:00,FOCO,166,2829.06,1,985.835,985.835,0,0,217.715,0,0,0,0,0,0,0,0,0,1012.73,759.55,253.183,20.1778,20.1778,0,0,2.29203,0,0,0,0,0,0,0,0,0,11.8937,8.92027,2.97342
setup,0,1904-10-17 00:00:00,FOCO,166,2825.9,1,1030.05,1030.05,0,0,219.848,0,0,0,0,0,0,0,0,0,1048.96,786.718,262.239,20.5811,20.5811,0,0,2.25333,0,0,0,0,0,0,0,0,0,12.0535,9.04011,3.01337
setup,0,1905-10-17 00:00:00,FOCO,166,2825.9,1,1025.27,1025.27,0,0,219.451,0,0,0,0,0,0,0,0,0,1046.87,785.154,261.718,20.511,20.511,0,0,2.25237,0,0,0,0,0,0,0,0,0,12.0448,9.03357,3.01119
setup,0,1906-10-17 00:00:00,FOCO,166,2825.9,1,1027.54,1027.54,0,0,220.025,0,0,0,0,0,0,0,0,0,1048.77,786.575,262.192,20.5739,20.5739,0,0,2.26042,0,0,0,0,0,0,0,0,0,12.0762,9.05714,3.01905
setup,0,1907-10-17 00:00:00,FOCO,166,2825.9,1,1028.45,1028.45,0,0,219.427,0,0,0,0,0,0,0,0,0,1046.69,785.017,261.672,20.65,20.65,0,0,2.26132,0,0,0,0,0,0,0,0,0,12.0825,9.0619,3.02063
setup,0,1908-10-17 00:00:00,FOCO,166,2822.32,1,1020.53,1020.53,0,0,224.213,0,0,0,0,0,0,0,0,0,1048.11,786.08,262.027,20.5004,20.5004,0,0,2.31179,0,0,0,0,0,0,0,0,0,12.1035,9.0776,3.02587
setup,0,1909-10-17 00:00:00,FOCO,166,2822.32,1,1019.99,1019.99,0,0,224.073,0,0,0,0,0,0,0,0,0,1047.38,785.537,261.846,20.5109,20.5109,0,0,2.31302,0,0,0,0,0,0,0,0,0,12.106,9.07951,3.0265
setup,0,1910-10-17 00:00:00,FOCO,166,2822.32,1,1021.68,1021.68,0,0,223.904,0,0,0,0,0,0,0,0,0,1046.46,784.843,261.614,20.5685,20.5685,0,0,2.31422,0,0,0,0,0,0,0,0,0,12.1076,9.08069,3.0269
setup,0,1911-10-17 00:00:00,FOCO,166,2822.32,1,1022.78,1022.78,0,0,223.874,0,0,0,0,0,0,0,0,0,1046.24,784.677,261.559,20.6073,20.6073,0,0,2.31599,0,0,0,0,0,0,0,0,0,12.1138,9.08535,3.02845
setup,0,1912-10-17 00:00:00,FOCO,166,2821.12,1,1013.21,1013.21,0,0,219.411,0,0,0,0,0,0,0,0,0,1034.88,776.162,258.721,20.6077,20.6077,0,0,2.2937,0,0,0,0,0,0,0,0,0,12.0819,9.06146,3.02049
setup,0,1913-10-17 00:00:00,FOCO,166,2821.12,1,1015.16,1015.16,0,0,220.383,0,0,0,0,0,0,0,0,0,1038.7,779.024,259.675,20.6225,20.6225,0,0,2.30079,0,0,0,0,0,0,0,0,0,12.113,9.08476,3.02825
setup,0,1914-10-17 00:00:00,FOCO,166,2821.12,1,1014.02,1014.02,0,0,219.866,0,0,0,0,0,0,0,0,0,1037.08,777.808,259.269,20.6183,20.6183,0,0,2.29775,0,0,0,0,0,0,0,0,0,12.104,9.07804,3.02601
setup,0,1915-10-17 00:00:00,FOCO,166,2821.12,1,1015.06,1015.06,0,0,219.795,0,0,0,0,0,0,0,0,0,1036.53,777.399,259.133,20.638,20.638,0,0,2.2968,0,0,0,0,0,0,0,0,0,12.0967,9.07251,3.02417
setup,0,1916-10-17 00:00:00,FOCO,166,2819.27,1,1006.23,1006.23,0,0,211.389,0,0,0,0,0,0,0,0,0,1011.89,758.92,252.973,20.7205,20.7205,0,0,2.24045,0,0,0,0,0,0,0,0,0,11.9467,8.96,2.98667
setup,0,1917-10-17 00:00:00,FOCO,166,2819.27,1,1009.62,1009.62,0,0,212.05,0,0,0,0,0,0,0,0,0,1014.64,760.981,253.66,20.7573,20.7573,0,0,2.2435,0,0,0,0,0,0,0,0,0,11.9614,8.97107,2.99036
setup,0,1918-10-17 00:00:00,FOCO,166,2819.27,1,1007.03,1007.03,0,0,211.451,0,0,0,0,0,0,0,0,0,1012.94,759.707,253.236,20.702,20.702,0,0,2.23692,0,0,0,0,0,0,0,0,0,11.9415,8.95611,2.98537
setup,0,1919-10-17 00:00:00,FOCO,166,2819.27,1,1007.01,1007.01,0,0,211.811,0,0,0,0,0,0,0,0,0,1014.23,760.672,253.557,20.6737,20.6737,0,0,2.23737,0,0,0,0,0,0,0,0,0,11.9421,8.95657,2.98552
setup,0,1920-10-17 00:00:00,FOCO,166,2810.75,1,1002.95,1002.95,0,0,213.137,0,0,0,0,0,0,0,0,0,1020.95,765.712,255.237,20.5801,20.5801,0,0,2.25016,0,0,0,0,0,0,0,0,0,12.0155,9.0116,3.00387
setup,0,1921-10-17 00:00:00,SOYB,166,2976.75,1,610.493,610.493,0,0,0.925061,0,0,0,0,0,0,0,0,0,1262.74,947.058,315.686,42.7591,42.7591,0,0,0.0214037,0,0,0,0,0,0,0,0,0,17.0164,12.7623,4.25411
setup,0,1922-10-17 00:00:00,SOYB,166,2976.75,1,628.408,628.408,0,0,0.936756,0,0,0,0,0,0,0,0,0,1290.17,967.624,322.541,44.0225,44.0225,0,0,0.0216792,0,0,0,0,0,0,0,0,0,17.3984,13.0488,4.3496
setup,0,1923-10-17 00:00:00,SOYB,166,2976.75,1,611.282,611.282,0,0,0.925135,0,0,0,0,0,0,0,0,0,1268.43,951.322,317.107,42.3074,42.3074,0,0,0.0210785,0,0,0,0,0,0,0,0,0,16.9003,12.6752,4.22507
setup,0,1924-10-17 00:00:00,SOYB,166,2958.93,1,586.539,586.539,0,0,0.424465,0,0,0,0,0,0,0,0,0,1234.3,925.727,308.576,40.2522,40.2522,0,0,0.00956649,0,0,0,0,0,0,0,0,0,16.2937,12.2203,4.07344
setup,0,1925-10-17 00:00:00,SOYB,166,2958.93,1,576.827,576.827,0,0,0.42026,0,0,0,0,0,0,0,0,0,1219.85,914.886,304.962,39.3104,39.3104,0,0,0.00938692,0,0,0,0,0,0,0,0,0,15.9916,11.9937,3.9979
setup,0,1926-10-17 00:00:00,SOYB,166,2958.93,1,570.803,570.803,0,0,0.413942,0,0,0,0,0,0,0,0,0,1210.99,908.242,302.747,38.6937,38.6937,0,0,0.00918268,0,0,0,0,0,0,0,0,0,15.7925,11.8444,3.94813
setup,0,1927-10-17 00:00:00,SOYB,166,2958.93,1,566.131,566.131,0,0,0.411582,0,0,0,0,0,0,0,0,0,1203.71,902.782,300.927,38.2056,38.2056,0,0,0.00907782,0,0,0,0,0,0,0,0,0,15.6283,11.7212,3.90708
setup,0,1928-10-17 00:00:00,SOYB,166,2940.27,1,550.264,550.264,0,0,0.19572,0,0,0,0,0,0,0,0,0,1202.45,901.834,300.611,37.611,37.611,0,0,0.00438858,0,0,0,0,0,0,0,0,0,15.8005,11.8503,3.95011
setup,0,1929-10-17 00:00:00,SOYB,166,2940.27,1,548.134,548.134,0,0,0.195387,0,0,0,0,0,0,0,0,0,1199.46,899.596,299.865,37.4013,37.4013,0,0,0.00437145,0,0,0,0,0,0,0,0,0,15.7344,11.8008,3.9336
setup,0,1930-10-17 00:00:00,SOYB,166,2940.27,1,545.673,545.673,0,0,0.195238,0,0,0,0,0,0,0,0,0,1194.25,895.689,298.563,37.1433,37.1433,0,0,0.00435449,0,0,0,0,0,0,0,0,0,15.6286,11.7214,3.90714
setup,0,1931-10-17 00:00:00,SOYB,166,2940.27,1,543.78,543.78,0,0,0.194729,0,0,0,0,0,0,0,0,0,1191.84,893.881,297.96,36.9677,36.9677,0,0,0.00433608,0,0,0,0,0,0,0,0,0,15.5774,11.6831,3.89436
setup,0,1932-10-17 00:00:00,SOYB,166,2924.02,1,539.133,539.133,0,0,0.0862086,0,0,0,0,0,0,0,0,0,1207.92,905.943,301.981,37.0693,37.0693,0,0,0.00194795,0,0,0,0,0,0,0,0,0,15.963,11.9723,3.99076
setup,0,1933-10-17 00:00:00,SOYB,166,2924.02,1,538.215,538.215,0,0,0.0859997,0,0,0,0,0,0,0,0,0,1206.56,904.918,301.639,36.9893,36.9893,0,0,0.00194209,0,0,0,0,0,0,0,0,0,15.9376,11.9532,3.9844
setup,0,1934-10-17 00:00:00,SOYB,166,2924.02,1,537.354,537.354,0,0,0.0858478,0,0,0,0,0,0,0,0,0,1204.97,903.725,301.242,36.8937,36.8937,0,0,0.00193619,0,0,0,0,0,0,0,0,0,15.9012,11.9259,3.97529
setup,0,1935-10-17 00:00:00,SOYB,166,2924.02,1,536.481,536.481,0,0,0.0857962,0,0,0,0,0,0,0,0,0,1203.78,902.834,300.945,36.8058,36.8058,0,0,0.00193314,0,0,0,0,0,0,0,0,0,15.8735,11.9051,3.96838
setup,0,1936-10-17 00:00:00,SOYB,166,2917.87,1,541.279,541.279,0,0,0.0496415,0,0,0,0,0,0,0,0,0,1231.41,923.554,307.851,37.3949,37.3949,0,0,0.00112864,0,0,0,0,0,0,0,0,0,16.3508,12.2631,4.0877
setup,0,1937-10-17 00:00:00,SOYB,166,2917.87,1,539.129,539.129,0,0,0.0494178,0,0,0,0,0,0,0,0,0,1227.3,920.478,306.826,37.2398,37.2398,0,0,0.0011233,0,0,0,0,0,0,0,0,0,16.2924,12.2193,4.0731
setup,0,1938-10-17 00:00:00,SOYB,166,2917.87,1,538.511,538.511,0,0,0.0493647,0,0,0,0,0,0,0,0,0,1226.34,919.755,306.585,37.1858,37.1858,0,0,0.00112165,0,0,0,0,0,0,0,0,0,16.2745,12.2059,4.06863
setup,0,1939-10-17 00:00:00,SOYB,166,2917.87,1,538.085,538.085,0,0,0.0493341,0,0,0,0,0,0,0,0,0,1225.58,919.184,306.395,37.1384,37.1384,0,0,0.00112026,0,0,0,0,0,0,0,0,0,16.2567,12.1925,4.06417
setup,0,1940-10-17 00:00:00,SOYB,166,2908.13,1,537.018,537.018,0,0,0.027319,0,0,0,0,0,0,0,0,0,1239.09,929.32,309.773,37.3358,37.3358,0,0,0.000626223,0,0,0,0,0,0,0,0,0,16.5529,12.4147,4.13823
setup,0,1941-10-17 00:00:00,SOYB,166,2908.13,1,536.643,536.643,0,0,0.0272569,0,0,0,0,0,0,0,0,0,1238.43,928.824,309.608,37.3116,37.3116,0,0,0.000624841,0,0,0,0,0,0,0,0,0,16.5447,12.4086,4.13619
setup,0,1942-10-17 00:00:00,SOYB,166,2908.13,1,535.744,535.744,0,0,0.0272852,0,0,0,0,0,0,0,0,0,1236.59,927.444,309.148,37.2452,37.2452,0,0,0.000625403,0,0,0,0,0,0,0,0,0,16.518,12.3885,4.1295
setup,0,1943-10-17 00:00:00,SOYB,166,2908.13,1,535.773,535.773,0,0,0.0273048,0,0,0,0,0,0,0,0,0,1237.43,928.069,309.356,37.2416,37.2416,0,0,0.000625732,0,0,0,0,0,0,0,0,0,16.5269,12.3952,4.13173
setup,0,1944-10-17 00:00:00,SOYB,166,2895.34,1,535.777,535.777,0,0,0.0140174,0,0,0,0,0,0,0,0,0,1254.67,941.005,313.668,37.5289,37.5289,0,0,0.000324432,0,0,0,0,0,0,0,0,0,16.8883,12.6662,4.22207
setup,0,1945-10-17 00:00:00,SOYB,166,2895.34,1,537.435,537.435,0,0,0.0140178,0,0,0,0,0,0,0,0,0,1258.75,944.063,314.688,37.655,37.655,0,0,0.000324552,0,0,0,0,0,0,0,0,0,16.9485,12.7114,4.23712
setup,0,1946-10-17 00:00:00,SOYB,166,2895.34,1,537.069,537.069,0,0,0.0140201,0,0,0,0,0,0,0,0,0,1257.95,943.465,314.488,37.6244,37.6244,0,0,0.00032455,0,0,0,0,0,0,0,0,0,16.9354,12.7015,4.23384
setup,0,1947-10-17 00:00:00,SOYB,166,2895.34,1,536.338,536.338,0,0,0.0145702,0,0,0,0,0,0,0,0,0,1258.55,943.91,314.637,37.6046,37.6046,0,0,0.00033765,0,0,0,0,0,0,0,0,0,16.9568,12.7176,4.2392
setup,0,1948-10-17 00:00:00,SOYB,166,2881.46,1,536.729,536.729,0,0,0.00654572,0,0,0,0,0,0,0,0,0,1278.4,958.799,319.6,37.9654,37.9654,0,0,0.000153432,0,0,0,0,0,0,0,0,0,17.3714,13.0286,4.34286
setup,0,1949-10-17 00:00:00,SOYB,166,2881.46,1,537.42,537.42,0,0,0.00654836,0,0,0,0,0,0,0,0,0,1280.24,960.182,320.061,38.0272,38.0272,0,0,0.000153562,0,0,0,0,0,0,0,0,0,17.4023,13.0518,4.35058
setup,0,1950-10-17 00:00:00,SOYB,166,2881.46,1,536.945,536.945,0,0,0.00654154,0,0,0,0,0,0,0,0,0,1279.14,959.359,319.786,37.9984,37.9984,0,0,0.000153427,0,0,0,0,0,0,0,0,0,17.3894,13.042,4.34734
setup,0,1951-10-17 00:00:00,SOYB,166,2881.46,1,536.994,536.994,0,0,0.00654221,0,0,0,0,0,0,0,0,0,1279.28,959.463,319.821,38.0008,38.0008,0,0,0.000153437,0,0,0,0,0,0,0,0,0,17.3908,13.0431,4.34771
setup,0,1952-10-17 00:00:00,SOYB,166,2823.18,1,338.636,338.636,0,0,0.00272922,0,0,0,0,0,0,0,0,0,627.774,470.831,156.944,29.7838,29.7838,0,0,8.48253e-05,0,0,0,0,0,0,0,0,0,10.7018,8.02632,2.67544
setup,0,1953-10-17 00:00:00,SOYB,166,2775.29,1,648.105,648.105,0,0,0.0154174,0,0,0,0,0,0,0,0,0,1398.43,1048.82,349.606,45.5528,45.5528,0,0,0.000358322,0,0,0,0,0,0,0,0,0,18.966,14.2245,4.7415
setup,0,1954-10-17 00:00:00,SOYB,166,2980.68,1,303.382,303.382,0,0,0.293477,0,0,0,0,0,0,0,0,0,515.815,386.861,128.954,24.0231,24.0231,0,0,0.00795711,0,0,0,0,0,0,0,0,0,7.8938,5.92035,1.97345
setup,0,1955-10-17 00:00:00,SOYB,166,2686.29,1,563.275,563.275,0,0,2.59621e-10,0,0,0,0,0,0,0,0,0,1373.85,1030.39,343.462,42.9659,42.9659,0,0,6.70289e-12,0,0,0,0,0,0,0,0,0,20.6637,15.4978,5.16593
setup,0,1956-10-17 00:00:00,SOYB,166,2800.86,1,428.345,428.345,0,0,2.64883e-10,0,0,0,0,0,0,0,0,0,1098.46,823.847,274.616,36.9506,36.9506,0,0,8.0299e-12,0,0,0,0,0,0,0,0,0,18.2828,13.7121,4.5707
setup,0,1957-10-17 00:00:00,SOYB,166,2705.54,1,711.054,711.054,0,0,0.00721152,0,0,0,0,0,0,0,0,0,1594.81,1196.11,398.702,50.1256,50.1256,0,0,0.000168009,0,0,0,0,0,0,0,0,0,22.4462,16.8347,5.61155
setup,0,1958-10-17 00:00:00,SOYB,166,2810.5,1,666.895,666.895,0,0,2.53497e-10,0,0,0,0,0,0,0,0,0,1677.59,1258.19,419.397,43.7398,43.7398,0,0,5.34297e-12,0,0,0,0,0,0,0,0,0,24.7795,18.5846,6.19488
setup,0,1959-10-17 00:00:00,SOYB,166,2854.53,1,475.092,475.092,0,0,0.00412949,0,0,0,0,0,0,0,0,0,1082.37,811.781,270.594,35.9669,35.9669,0,0,0.000105671,0,0,0,0,0,0,0,0,0,15.7531,11.8149,3.93829
setup,0,1960-10-17 00:00:00,SOYB,166,2828.17,1,506.797,506.797,0,0,0.702199,0,0,0,0,0,0,0,0,0,903.825,677.869,225.956,38.29,38.29,0,0,0.0179116,0,0,0,0,0,0,0,0,0,13.2725,9.9544,3.31813
setup,0,1961-10-17 00:00:00,SOYB,166,2730.04,1,618.549,618.549,0,0,0.818851,0,0,0,0,0,0,0,0,0,1204.1,903.074,301.025,43.426,43.426,0,0,0.0189971,0,0,0,0,0,0,0,0,0,16.3969,12.2977,4.09922
setup,0,1962-10-17 00:00:00,SOYB,166,2780.89,1,552.824,552.824,0,0,0.369416,0,0,0,0,0,0,0,0,0,1029.72,772.293,257.431,40.1303,40.1303,0,0,0.00894813,0,0,0,0,0,0,0,0,0,14.5103,10.8828,3.62758
setup,0,1963-10-17 00:00:00,SOYB,166,2718.02,1,438.077,438.077,0,0,2.51637e-10,0,0,0,0,0,0,0,0,0,1115.2,836.398,278.799,34.927,34.927,0,0,6.88472e-12,0,0,0,0,0,0,0,0,0,17.2562,12.9421,4.31405
setup,0,1964-10-17 00:00:00,SOYB,166,2681.26,1,652.402,652.402,0,0,6.03298e-07,0,0,0,0,0,0,0,0,0,1730.21,1297.66,432.553,42.8254,42.8254,0,0,1.28087e-08,0,0,0,0,0,0,0,0,0,22.9662,17.2247,5.74155
setup,0,1965-10-17 00:00:00,SOYB,166,2697.36,1,625.106,625.106,0,0,2.53135e-08,0,0,0,0,0,0,0,0,0,1497.59,1123.19,374.398,45.9612,45.9612,0,0,6.23483e-10,0,0,0,0,0,0,0,0,0,21.4017,16.0513,5.35043
setup,0,1966-10-17 00:00:00,SOYB,166,2674.25,1,488.412,488.412,0,0,3.18898e-07,0,0,0,0,0,0,0,0,0,1217.54,913.157,304.386,41.4347,41.4347,0,0,9.45853e-09,0,0,0,0,0,0,0,0,0,20.0046,15.0034,5.00114
setup,0,1967-10-17 00:00:00,SOYB,166,2494.97,1,723.555,723.555,0,0,0.626296,0,0,0,0,0,0,0,0,0,1553.39,1165.05,388.349,46.4403,46.4403,0,0,0.0129309,0,0,0,0,0,0,0,0,0,19.7619,14.8214,4.94048
setup,0,1968-10-17 00:00:00,SOYB,166,2822.74,1,363.83,363.83,0,0,8.38741e-06,0,0,0,0,0,0,0,0,0,852.939,639.705,213.235,27.4937,27.4937,0,0,2.1404e-07,0,0,0,0,0,0,0,0,0,12.5319,9.39896,3.13299
setup,0,1969-10-17 00:00:00,SOYB,166,2752.21,1,684.998,684.998,0,0,0.665189,0,0,0,0,0,0,0,0,0,1484.43,1113.32,371.108,44.4821,44.4821,0,0,0.0139621,0,0,0,0,0,0,0,0,0,18.5575,13.9181,4.63938
setup,0,1970-10-17 00:00:00,SOYB,166,2843.3,1,575.03,575.03,0,0,0.282977,0,0,0,0,0,0,0,0,0,1251.87,938.906,312.969,38.2868,38.2868,0,0,0.00613394,0,0,0,0,0,0,0,0,0,16.0468,12.0351,4.0117
setup,0,1971-10-17 00:00:00,SOYB,166,2854.49,1,639.278,639.278,0,0,8.26381e-06,0,0,0,0,0,0,0,0,0,1599.83,1199.88,399.959,45.1375,45.1375,0,0,1.93252e-07,0,0,0,0,0,0,0,0,0,21.7326,16.2994,5.43314
setup,0,1972-10-17 00:00:00,SOYB,166,2779.58,1,383.562,383.562,0,0,2.44653e-10,0,0,0,0,0,0,0,0,0,1151.87,863.905,287.968,36.1807,36.1807,0,0,8.33255e-12,0,0,0,0,0,0,0,0,0,20.9712,15.7284,5.24281
setup,0,1973-10-17 00:00:00,SOYB,166,2908.05,1,574.942,574.942,0,0,1.84677e-05,0,0,0,0,0,0,0,0,0,1332,999,333,45.963,45.963,0,0,5.07024e-07,0,0,0,0,0,0,0,0,0,20.6504,15.4878,5.16259
setup,0,1974-10-17 00:00:00,SOYB,166,2647.16,1,580.926,580.926,0,0,3.80375e-07,0,0,0,0,0,0,0,0,0,1494.55,1120.91,373.637,48.1846,48.1846,0,0,1.0957e-08,0,0,0,0,0,0,0,0,0,23.9644,17.9733,5.99109
setup,0,1975-10-17 00:00:00,SOYB,166,2785.79,1,659.658,659.658,0,0,8.2438e-09,0,0,0,0,0,0,0,0,0,1954.7,1466.02,488.674,47.9049,47.9049,0,0,1.9837e-10,0,0,0,0,0,0,0,0,0,31.9343,23.9507,7.98358
setup,0,1976-10-17 00:00:00,SOYB,166,2548.15,1,383.115,383.115,0,0,4.6155e-07,0,0,0,0,0,0,0,0,0,713.642,535.231,178.41,36.6793,36.6793,0,0,1.6019e-08,0,0,0,0,0,0,0,0,0,13.4395,10.0796,3.35987
setup,0,1977-10-17 00:00:00,SOYB,166,2893.84,1,389.394,389.394,0,0,0.00157425,0,0,0,0,0,0,0,0,0,692.296,519.222,173.074,33.0841,33.0841,0,0,4.67756e-05,0,0,0,0,0,0,0,0,0,11.3812,8.53592,2.84531
setup,0,1978-10-17 00:00:00,SOYB,166,2879.58,1,312.709,312.709,0,0,1.14411e-05,0,0,0,0,0,0,0,0,0,713.187,534.89,178.297,27.9288,27.9288,0,0,3.62904e-07,0,0,0,0,0,0,0,0,0,12.208,9.15599,3.052
setup,0,1979-10-17 00:00:00,SOYB,166,2671.96,1,524.017,524.017,0,0,0.535573,0,0,0,0,0,0,0,0,0,1004.17,753.129,251.043,37.6519,37.6519,0,0,0.0128031,0,0,0,0,0,0,0,0,0,13.9882,10.4911,3.49705
setup,0,1980-10-17 00:00:00,SOYB,166,2927.34,1,261.302,261.302,0,0,0.00377602,0,0,0,0,0,0,0,0,0,449.704,337.278,112.426,27.2811,27.2811,0,0,0.000146766,0,0,0,0,0,0,0,0,0,9.17117,6.87838,2.29279
setup,0,1981-10-17 00:00:00,SOYB,166,2816.37,1,483.251,483.251,0,0,1.01193e-05,0,0,0,0,0,0,0,0,0,883.986,662.99,220.997,36.6979,36.6979,0,0,2.59849e-07,0,0,0,0,0,0,0,0,0,13.0385,9.77886,3.25962
setup,0,1982-10-17 00:00:00,SOYB,166,2749.92,1,523.836,523.836,0,0,4.01386e-08,0,0,0,0,0,0,0,0,0,1446.43,1084.82,361.607,42.3546,42.3546,0,0,1.11867e-09,0,0,0,0,0,0,0,0,0,22.562,16.9215,5.6405
setup,0,1983-10-17 00:00:00,SOYB,166,2816.73,1,264.354,264.354,0,0,5.79716e-08,0,0,0,0,0,0,0,0,0,611.073,458.304,152.768,30.0593,30.0593,0,0,2.51922e-09,0,0,0,0,0,0,0,0,0,13.5227,10.142,3.38067
setup,0,1984-10-17 00:00:00,SOYB,166,2799.4,1,449.754,449.754,0,0,4.71553e-10,0,0,0,0,0,0,0,0,0,1201.61,901.208,300.403,34.965,34.965,0,0,1.24906e-11,0,0,0,0,0,0,0,0,0,17.9813,13.486,4.49533
setup,0,1985-10-17 00:00:00,SOYB,166,2835.63,1,489.384,489.384,0,0,2.54195e-09,0,0,0,0,0,0,0,0,0,1028.9,771.675,257.225,36.1189,36.1189,0,0,6.29276e-11,0,0,0,0,0,0,0,0,0,14.6551,10.9913,3.66376
setup,0,1986-10-17 00:00:00,SOYB,166,3021.52,1,251.009,251.009,0,0,0.01664,0,0,0,0,0,0,0,0,0,388.915,291.686,97.2287,25.6934,25.6934,0,0,0.000630286,0,0,0,0,0,0,0,0,0,7.7395,5.80462,1.93487
setup,0,1987-10-17 00:00:00,SOYB,166,2776.23,1,346.284,346.284,0,0,1.352e-05,0,0,0,0,0,0,0,0,0,819.849,614.887,204.962,29.397,29.397,0,0,4.01243e-07,0,0,0,0,0,0,0,0,0,13.5997,10.1998,3.39993
setup,0,1988-10-17 00:00:00,SOYB,166,2701.64,1,513.59,513.59,0,0,0.0161918,0,0,0,0,0,0,0,0,0,1082.77,812.076,270.692,37.0008,37.0008,0,0,0.000388506,0,0,0,0,0,0,0,0,0,15.0564,11.2923,3.7641
setup,0,1989-10-17 00:00:00,SOYB,166,2758.35,1,653.762,653.762,0,0,2.47864e-10,0,0,0,0,0,0,0,0,0,1548.57,1161.42,387.142,42.0838,42.0838,0,0,5.11017e-12,0,0,0,0,0,0,0,0,0,21.7015,16.2761,5.42537
setup,0,1990-10-17 00:00:00,SOYB,166,2930.23,1,306.097,306.097,0,0,9.76695e-07,0,0,0,0,0,0,0,0,0,595.319,446.489,148.83,25.7535,25.7535,0,0,2.86583e-08,0,0,0,0,0,0,0,0,0,9.64207,7.23156,2.41052
setup,0,1991-10-17 00:00:00,SOYB,166,2766.9,1,750.16,750.16,0,0,0.518407,0,0,0,0,0,0,0,0,0,1692.58,1269.44,423.145,46.6725,46.6725,0,0,0.0102979,0,0,0,0,0,0,0,0,0,20.3392,15.2544,5.08479
setup,0,1992-10-17 00:00:00,SOYB,166,2682.74,1,715.035,715.035,0,0,0.671274,0,0,0,0,0,0,0,0,0,1494.99,1121.24,373.748,47.7167,47.7167,0,0,0.0145884,0,0,0,0,0,0,0,0,0,19.3287,14.4965,4.83217
setup,0,1993-10-17 00:00:00,SOYB,166,2886.48,1,322.854,322.854,0,0,8.07004e-05,0,0,0,0,0,0,0,0,0,712.069,534.052,178.017,29.2825,29.2825,0,0,2.61136e-06,0,0,0,0,0,0,0,0,0,12.418,9.31353,3.10451
setup,0,1994-10-17 00:00:00,SOYB,166,2699.37,1,850.333,850.333,0,0,0.0127468,0,0,0,0,0,0,0,0,0,2221.91,1666.44,555.479,52.5084,52.5084,0,0,0.000248155,0,0,0,0,0,0,0,0,0,31.249,23.4367,7.81225
setup,0,1995-10-17 00:00:00,SOYB,166,2808.28,1,356.653,356.653,0,0,2.37998e-09,0,0,0,0,0,0,0,0,0,648.924,486.693,162.231,28.375,28.375,0,0,6.49261e-11,0,0,0,0,0,0,0,0,0,9.99743,7.49807,2.49936
setup,0,1996-10-17 00:00:00,SOYB,166,2748.49,1,504.84,504.84,0,0,1.69214e-06,0,0,0,0,0,0,0,0,0,1049.26,786.947,262.316,36.9965,36.9965,0,0,4.1507e-08,0,0,0,0,0,0,0,0,0,14.839,11.1293,3.70976
setup,0,1997-10-17 00:00:00,SOYB,166,2689.32,1,378.703,378.703,0,0,2.57787e-10,0,0,0,0,0,0,0,0,0,911.637,683.728,227.909,34.2954,34.2954,0,0,8.32403e-12,0,0,0,0,0,0,0,0,0,15.998,11.9985,3.9995
setup,0,1998-10-17 00:00:00,SOYB,166,2974.46,1,317.535,317.535,0,0,0.035344,0,0,0,0,0,0,0,0,0,503.502,377.627,125.876,28.2989,28.2989,0,0,0.00111759,0,0,0,0,0,0,0,0,0,8.64425,6.48318,2.16106
setup,0,1999-10-17 00:00:00,SOYB,166,2850.85,1,360.001,360.001,0,0,2.32161e-10,0,0,0,0,0,0,0,0,0,1021.36,766.019,255.34,36.1516,36.1516,0,0,8.56949e-12,0,0,0,0,0,0,0,0,0,21.1884,15.8913,5.29709
setup,0,2000-10-17 00:00:00,SOYB,166,2836.34,1,380.709,380.709,0,0,1.75845e-08,0,0,0,0,0,0,0,0,0,969.075,726.806,242.269,33.5355,33.5355,0,0,5.47862e-10,0,0,0,0,0,0,0,0,0,16.3678,12.2759,4.09195
setup,0,2001-10-17 00:00:00,SOYB,166,2698.31,1,575.627,575.627,0,0,4.80721e-05,0,0,0,0,0,0,0,0,0,1269.15,951.862,317.287,42.3612,42.3612,0,0,1.18524e-06,0,0,0,0,0,0,0,0,0,18.1917,13.6437,4.54791
setup,0,2002-10-17 00:00:00,SOYB,166,2925.42,1,333.006,333.006,0,0,2.62071e-10,0,0,0,0,0,0,0,0,0,652.563,489.422,163.141,28.5042,28.5042,0,0,7.86262e-12,0,0,0,0,0,0,0,0,0,10.8265,8.11991,2.70664
setup,0,2003-10-17 00:00:00,SOYB,166,2784.65,1,665.17,665.17,0,0,1.47821e-05,0,0,0,0,0,0,0,0,0,1903.32,1427.49,475.831,45.8996,45.8996,0,0,3.33931e-07,0,0,0,0,0,0,0,0,0,27.7885,20.8413,6.94712
setup,0,2004-10-17 00:00:00,SOYB,166,2899.66,1,477.907,477.907,0,0,0.0557035,0,0,0,0,0,0,0,0,0,801.511,601.133,200.378,40.2802,40.2802,0,0,0.0016374,0,0,0,0,0,0,0,0,0,13.2447,9.93355,3.31118
setup,0,2005-10-17 00:00:00,SOYB,166,2905.28,1,465.839,465.839,0,0,0.0136423,0,0,0,0,0,0,0,0,0,1061.09,795.817,265.272,32.9637,32.9637,0,0,0.000319835,0,0,0,0,0,0,0,0,0,14.5144,10.8858,3.62859
setup,0,2006-10-17 00:00:00,SOYB,166,2818.12,1,322.05,322.05,0,0,0.345102,0,0,0,0,0,0,0,0,0,528.897,396.672,132.224,26.2868,26.2868,0,0,0.00973146,0,0,0,0,0,0,0,0,0,8.38639,6.28979,2.0966
setup,0,2007-10-17 00:00:00,SOYB,166,2900.14,1,459.797,459.797,0,0,0.527671,0,0,0,0,0,0,0,0,0,767.15,575.362,191.787,36.7999,36.7999,0,0,0.0145019,0,0,0,0,0,0,0,0,0,12.0163,9.01222,3.00407
setup,0,2008-10-17 00:00:00,SOYB,166,2833.5,1,350.554,350.554,0,0,0.342072,0,0,0,0,0,0,0,0,0,610.954,458.215,152.738,27.566,27.566,0,0,0.00919099,0,0,0,0,0,0,0,0,0,9.30266,6.977,2.32567
setup,0,2009-10-17 00:00:00,SOYB,166,2840.33,1,227.344,227.344,0,0,0.00281436,0,0,0,0,0,0,0,0,0,375.964,281.973,93.991,23.7824,23.7824,0,0,0.000109672,0,0,0,0,0,0,0,0,0,7.65087,5.73815,1.91272
setup,0,2010-10-17 00:00:00,SOYB,166,2993.67,1,479.5,479.5,0,0,0.0661625,0,0,0,0,0,0,0,0,0,870.592,652.944,217.648,37.6112,37.6112,0,0,0.00177157,0,0,0,0,0,0,0,0,0,13.3298,9.99732,3.33244
setup,0,2011-10-17 00:00:00,SOYB,166,2929.22,1,387.771,387.771,0,0,0.00472211,0,0,0,0,0,0,0,0,0,839.84,629.88,209.96,28.8424,28.8424,0,0,0.000118096,0,0,0,0,0,0,0,0,0,12.0179,9.0134,3.00447
setup,0,2012-10-17 00:00:00,SOYB,166,2822.39,1,589.298,589.298,0,0,0.00338402,0,0,0,0,0,0,0,0,0,1234.3,925.725,308.575,42.0131,42.0131,0,0,8.00851e-05,0,0,0,0,0,0,0,0,0,17.0917,12.8188,4.27293
setup,0,2013-10-17 00:00:00,SOYB,166,2765.88,1,593.202,593.202,0,0,0.721508,0,0,0,0,0,0,0,0,0,1659.92,1244.94,414.981,32.2863,32.2863,0,0,0.0120279,0,0,0,0,0,0,0,0,0,18.5189,13.8891,4.62971
setup,0,2014-10-17 00:00:00,SOYB,166,2838.17,1,400.181,400.181,0,0,3.27393e-07,0,0,0,0,0,0,0,0,0,938.506,703.88,234.627,32.614,32.614,0,0,9.2183e-09,0,0,0,0,0,0,0,0,0,14.7233,11.0425,3.68082
setup,0,2015-10-17 00:00:00,SOYB,166,2940.38,1,442.814,442.814,0,0,0.0606836,0,0,0,0,0,0,0,0,0,801.416,601.062,200.354,35.5446,35.5446,0,0,0.00167454,0,0,0,0,0,0,0,0,0,12.4941,9.37054,3.12351
setup,0,2016-10-17 00:00:00,SOYB,166,3131.28,1,288.991,288.991,0,0,2.01019e-05,0,0,0,0,0,0,0,0,0,563.081,422.31,140.77,27.6035,27.6035,0,0,6.95774e-07,0,0,0,0,0,0,0,0,0,10.3789,7.78417,2.59472
setup,0,2017-10-17 00:00:00,SOYB,166,2900.7,1,449.561,449.561,0,0,1.33547e-06,0,0,0,0,0,0,0,0,0,1114.61,835.954,278.651,38.5786,38.5786,0,0,4.02061e-08,0,0,0,0,0,0,0,0,0,18.5094,13.8821,4.62735
setup,0,2018-10-17 00:00:00,SOYB,166,3067.8,1,728.641,728.641,0,0,0.0249217,0,0,0,0,0,0,0,0,0,1813.75,1360.31,453.437,46.7715,46.7715,0,0,0.000513687,0,0,0,0,0,0,0,0,0,23.8493,17.887,5.96233
setup,0,2019-10-17 00:00:00,SOYB,166,3042.7,1,498.063,498.063,0,0,0.347267,0,0,0,0,0,0,0,0,0,953.571,715.178,238.393,36.2793,36.2793,0,0,0.00844976,0,0,0,0,0,0,0,0,0,13.4602,10.0952,3.36505
setup,0,2020-10-17 00:00:00,SOYB,166,2954.18,1,575.476,575.476,0,0,0.589612,0,0,0,0,0,0,0,0,0,1044.06,783.046,261.015,43.4651,43.4651,0,0,0.0150347,0,0,0,0,0,0,0,0,0,15.2958,11.4718,3.82395
setup,0,2021-10-17 00:00:00,SOYB,166,2845.79,1,707.183,707.183,0,0,0.00931903,0,0,0,0,0,0,0,0,0,1729.07,1296.8,432.268,44.8465,44.8465,0,0,0.000188742,0,0,0,0,0,0,0,0,0,23.1982,17.3987,5.79956
