"Climate_Scenario","scenario_abbrev","Mgmt_Scenario","Scenario_Name","Model","site_name","CO2e_N2O","CO2e_CH4","CO2e_SOC","GWP","climate_desc"
1,"CR",1,"1_1","APSIM","KBS",14.01367968,-0.7916526072,-10.6333333333333,2.58869373946667,"Baseline"
1,"CR",1,"1_1","Daycent","KBS",10.4819246532,-0.7916526072,-7.33333333333333,2.35693871266667,"Baseline"
1,"CR",1,"1_1","Millennial","KBS",12.2478021666,-0.7916526072,-5.23553701173584,6.22061254766416,"Baseline"
1,"CR",1,"1_1","RothC","KBS",12.2478021666,-0.7916526072,3.38946666666667,14.8456162260667,"Baseline"
1,"NT-CR",2,"1_2","APSIM","KBS",12.74887185,-2.8633724676,-7.7,2.1854993824,"Baseline"
1,"NT-CR",2,"1_2","Daycent","KBS",7.5683859966,-2.8633724676,-15.4,-10.694986471,"Baseline"
1,"NT-CR",2,"1_2","Millennial","KBS",10.1586289233,-2.8633724676,-6.047657825275,1.247598630425,"Baseline"
1,"NT-CR",2,"1_2","RothC","KBS",10.1586289233,-2.8633724676,0.651200000000007,7.94645645570001,"Baseline"
1,"CC-CR",3,"1_3","APSIM","KBS",6.21336573,-0.4183130016,-5.86666666666667,-0.0716139382666667,"Baseline"
1,"CC-CR",3,"1_3","Daycent","KBS",8.7732648861,-0.4183130016,0.36666666666667,8.72161855116667,"Baseline"
1,"CC-CR",3,"1_3","Millennial","KBS",7.49331530805,-0.4183130016,-2.84408508427893,4.23091722217108,"Baseline"
1,"CC-CR",3,"1_3","RothC","KBS",7.49331530805,-0.4183130016,-0.225866666666674,6.84913563978333,"Baseline"
1,"RF05-CR",41,"1_41","APSIM","KBS",13.17767022,-0.8008609068,-10.2666666666667,2.11014264653333,"Baseline"
1,"RF05-CR",41,"1_41","Daycent","KBS",10.0977379932,-0.8008609068,-6.6,2.6968770864,"Baseline"
1,"RF05-CR",41,"1_41","Millennial","KBS",11.6377041066,-0.8008609068,-3.58177255573976,7.25507064406024,"Baseline"
1,"RF05-CR",41,"1_41","RothC","KBS",11.6377041066,-0.8008609068,3.68866666666667,14.5255098664667,"Baseline"
1,"RF15-CR",42,"1_42","APSIM","KBS",11.8021332,-0.8168509332,-9.53333333333333,1.45194893346667,"Baseline"
1,"RF15-CR",42,"1_42","Daycent","KBS",9.3151965621,-0.8168509332,-5.13333333333333,3.36501229556667,"Baseline"
1,"RF15-CR",42,"1_42","Millennial","KBS",10.55866488105,-0.8168509332,0.0641415605922806,9.80595550844228,"Baseline"
1,"RF15-CR",42,"1_42","RothC","KBS",10.55866488105,-0.8168509332,4.34133333333333,14.0831472811833,"Baseline"
1,"RF25-CR",43,"1_43","APSIM","KBS",10.66495287,-0.8366481864,-8.8,1.0283046836,"Baseline"
1,"RF25-CR",43,"1_43","Daycent","KBS",8.5444171527,-0.8366481864,-3.66666666666667,4.04110229963333,"Baseline"
1,"RF25-CR",43,"1_43","Millennial","KBS",9.60468501135,-0.8366481864,4.3412121218213,13.1092489467713,"Baseline"
1,"RF25-CR",43,"1_43","RothC","KBS",9.60468501135,-0.8366481864,5.10583333333333,13.8738701582833,"Baseline"
1,"RF35-CR",44,"1_44","APSIM","KBS",9.79747626,-0.8677186416,-8.06666666666667,0.863090951733334,"Baseline"
1,"RF35-CR",44,"1_44","Daycent","KBS",7.7905685715,-0.8677186416,-1.83333333333333,5.08951659656667,"Baseline"
1,"RF35-CR",44,"1_44","Millennial","KBS",8.79402241575,-0.8677186416,8.9375359000356,16.8638396741856,"Baseline"
1,"RF35-CR",44,"1_44","RothC","KBS",8.79402241575,-0.8677186416,5.91433333333333,13.8406371074833,"Baseline"
1,"RR50-CR",51,"1_51","APSIM","KBS",14.90411637,-0.6228035028,-12.8333333333333,1.44797953386667,"Baseline"
1,"RR50-CR",51,"1_51","Daycent","KBS",10.6083732612,-0.6228035028,-16.8666666666667,-6.88109690826666,"Baseline"
1,"RR50-CR",51,"1_51","Millennial","KBS",12.7562448156,-0.6228035028,-11.9538054365473,0.179635876252668,"Baseline"
1,"RR50-CR",51,"1_51","RothC","KBS",12.7562448156,-0.6228035028,2.79546666666667,14.9289079794667,"Baseline"
1,"RR25-CR",52,"1_52","APSIM","KBS",16.64991042,-0.4702291812,-15.7666666666667,0.413014572133336,"Baseline"
1,"RR25-CR",52,"1_52","Daycent","KBS",10.3935699153,-0.4702291812,-25.3,-15.3766592659,"Baseline"
1,"RR25-CR",52,"1_52","Millennial","KBS",13.52174016765,-0.4702291812,-23.5518023332768,-10.5002913468268,"Baseline"
1,"RR25-CR",52,"1_52","RothC","KBS",13.52174016765,-0.4702291812,2.07936666666667,15.1308776531167,"Baseline"
1,"RR00-CR",53,"1_53","APSIM","KBS",20.07196191,-0.3240170388,-19.8,-0.0520551288000018,"Baseline"
1,"RR00-CR",53,"1_53","Daycent","KBS",10.1205307632,-0.3240170388,-24.9333333333333,-15.1368196089333,"Baseline"
1,"RR00-CR",53,"1_53","Millennial","KBS",15.0962463366,-0.3240170388,-36.0532499180418,-21.2810206202418,"Baseline"
1,"RR00-CR",53,"1_53","RothC","KBS",15.0962463366,-0.3240170388,1.4685,16.2407292978,"Baseline"
1,"BC19-CR",61,"1_61","APSIM","KBS",13.41349152,NA,-7.33333333333333,6.08015818666667,"Baseline"
1,"BC38-CR",62,"1_62","APSIM","KBS",12.98105952,NA,-4.0333333333333,8.9477261866667,"Baseline"
1,"BC57-CR",63,"1_63","APSIM","KBS",12.60626367,NA,-1.46666666666669,11.1395970033333,"Baseline"
1,"BC76-CR",64,"1_64","APSIM","KBS",12.30348834,NA,0.733333333333344,13.0368216733333,"Baseline"
1,"BC96-CR",65,"1_65","APSIM","KBS",12.05136075,NA,2.56666666666668,14.6180274166667,"Baseline"
2,"CR",1,"2_1","APSIM","KBS",17.98989621,-0.7916526072,-8.43333333333333,8.76491026946667,"GFDL_Low"
2,"CR",1,"2_1","Daycent","KBS",10.4819246532,-0.7916526072,-7.33333333333333,2.35693871266667,"GFDL_Low"
2,"CR",1,"2_1","Millennial","KBS",14.2359104316,-0.7916526072,-5.23553701173584,8.20872081266416,"GFDL_Low"
2,"CR",1,"2_1","RothC","KBS",14.2359104316,-0.7916526072,3.38946666666667,16.8337244910667,"GFDL_Low"
2,"NT-CR",2,"2_2","APSIM","KBS",16.39795443,-2.8633724676,-8.06666666666667,5.46791529573333,"GFDL_Low"
2,"NT-CR",2,"2_2","Daycent","KBS",7.5683859966,-2.8633724676,-15.4,-10.694986471,"GFDL_Low"
2,"NT-CR",2,"2_2","Millennial","KBS",11.9831702133,-2.8633724676,-6.047657825275,3.072139920425,"GFDL_Low"
2,"NT-CR",2,"2_2","RothC","KBS",11.9831702133,-2.8633724676,0.651200000000007,9.77099774570001,"GFDL_Low"
2,"CC-CR",3,"2_3","APSIM","KBS",7.60249347,-0.4183130016,-3.30000000000001,3.88418046839999,"GFDL_Low"
2,"CC-CR",3,"2_3","Daycent","KBS",8.7732648861,-0.4183130016,0.36666666666667,8.72161855116667,"GFDL_Low"
2,"CC-CR",3,"2_3","Millennial","KBS",8.18787917805,-0.4183130016,-2.84408508427893,4.92548109217107,"GFDL_Low"
2,"CC-CR",3,"2_3","RothC","KBS",8.18787917805,-0.4183130016,-0.225866666666674,7.54369950978333,"GFDL_Low"
2,"RF05-CR",41,"2_41","APSIM","KBS",17.0452854,-0.8008609068,-8.06666666666667,8.17775782653333,"GFDL_Low"
2,"RF05-CR",41,"2_41","Daycent","KBS",10.0977379932,-0.8008609068,-6.6,2.6968770864,"GFDL_Low"
2,"RF05-CR",41,"2_41","Millennial","KBS",13.5715116966,-0.8008609068,-3.58177255573976,9.18887823406025,"GFDL_Low"
2,"RF05-CR",41,"2_41","RothC","KBS",13.5715116966,-0.8008609068,3.68866666666667,16.4593174564667,"GFDL_Low"
2,"RF15-CR",42,"2_42","APSIM","KBS",15.33261015,-0.8168509332,-7.33333333333333,7.18242588346666,"GFDL_Low"
2,"RF15-CR",42,"2_42","Daycent","KBS",9.3151965621,-0.8168509332,-5.13333333333333,3.36501229556667,"GFDL_Low"
2,"RF15-CR",42,"2_42","Millennial","KBS",12.32390335605,-0.8168509332,0.0641415605922806,11.5711939834423,"GFDL_Low"
2,"RF15-CR",42,"2_42","RothC","KBS",12.32390335605,-0.8168509332,4.34133333333333,15.8483857561833,"GFDL_Low"
2,"RF25-CR",43,"2_43","APSIM","KBS",13.87320792,-0.8366481864,-6.6,6.4365597336,"GFDL_Low"
2,"RF25-CR",43,"2_43","Daycent","KBS",8.5444171527,-0.8366481864,-3.66666666666667,4.04110229963333,"GFDL_Low"
2,"RF25-CR",43,"2_43","Millennial","KBS",11.20881253635,-0.8366481864,4.3412121218213,14.7133764717713,"GFDL_Low"
2,"RF25-CR",43,"2_43","RothC","KBS",11.20881253635,-0.8366481864,5.10583333333333,15.4779976832833,"GFDL_Low"
2,"RF35-CR",44,"2_44","APSIM","KBS",12.74428155,-0.8677186416,-5.86666666666667,6.00989624173333,"GFDL_Low"
2,"RF35-CR",44,"2_44","Daycent","KBS",7.7905685715,-0.8677186416,-1.83333333333333,5.08951659656667,"GFDL_Low"
2,"RF35-CR",44,"2_44","Millennial","KBS",10.26742506075,-0.8677186416,8.9375359000356,18.3372423191856,"GFDL_Low"
2,"RF35-CR",44,"2_44","RothC","KBS",10.26742506075,-0.8677186416,5.91433333333333,15.3140397524833,"GFDL_Low"
2,"RR50-CR",51,"2_51","APSIM","KBS",18.83458863,-0.6228035028,-9.53333333333333,8.67845179386667,"GFDL_Low"
2,"RR50-CR",51,"2_51","Daycent","KBS",10.6083732612,-0.6228035028,-16.8666666666667,-6.88109690826666,"GFDL_Low"
2,"RR50-CR",51,"2_51","Millennial","KBS",14.7214809456,-0.6228035028,-11.9538054365473,2.14487200625267,"GFDL_Low"
2,"RR50-CR",51,"2_51","RothC","KBS",14.7214809456,-0.6228035028,2.79546666666667,16.8941441094667,"GFDL_Low"
2,"RR25-CR",52,"2_52","APSIM","KBS",20.35289685,-0.4702291812,-11,8.8826676688,"GFDL_Low"
2,"RR25-CR",52,"2_52","Daycent","KBS",10.3935699153,-0.4702291812,-25.3,-15.3766592659,"GFDL_Low"
2,"RR25-CR",52,"2_52","Millennial","KBS",15.37323338265,-0.4702291812,-23.5518023332768,-8.6487981318268,"GFDL_Low"
2,"RR25-CR",52,"2_52","RothC","KBS",15.37323338265,-0.4702291812,2.07936666666667,16.9823708681167,"GFDL_Low"
2,"RR00-CR",53,"2_53","APSIM","KBS",23.29041858,-0.3240170388,-12.1,10.8664015412,"GFDL_Low"
2,"RR00-CR",53,"2_53","Daycent","KBS",10.1205307632,-0.3240170388,-24.9333333333333,-15.1368196089333,"GFDL_Low"
2,"RR00-CR",53,"2_53","Millennial","KBS",16.7054746716,-0.3240170388,-36.0532499180418,-19.6717922852418,"GFDL_Low"
2,"RR00-CR",53,"2_53","RothC","KBS",16.7054746716,-0.3240170388,1.4685,17.8499576328,"GFDL_Low"
2,"BC19-CR",61,"2_61","APSIM","KBS",17.02414857,NA,-4.76666666666667,12.2574819033333,"GFDL_Low"
2,"BC38-CR",62,"2_62","APSIM","KBS",16.49213709,NA,-1.09999999999999,15.39213709,"GFDL_Low"
2,"BC57-CR",63,"2_63","APSIM","KBS",16.0232787,NA,1.83333333333333,17.8566120333333,"GFDL_Low"
2,"BC76-CR",64,"2_64","APSIM","KBS",15.64535115,NA,4.4,20.04535115,"GFDL_Low"
2,"BC96-CR",65,"2_65","APSIM","KBS",15.31424895,NA,6.6,21.91424895,"GFDL_Low"
3,"CR",1,"3_1","APSIM","KBS",20.19547959,-0.7141508172,-8.43333333333333,11.0479954394667,"GFDL_High"
3,"CR",1,"3_1","Daycent","KBS",10.8970773483,-0.7141508172,-4.03333333333333,6.14959319776667,"GFDL_High"
3,"CR",1,"3_1","Millennial","KBS",15.54627846915,-0.7141508172,25.6115010462916,40.4436286982416,"GFDL_High"
3,"CR",1,"3_1","RothC","KBS",15.54627846915,-0.7141508172,4.21116666666667,19.0432943186167,"GFDL_High"
3,"NT-CR",2,"3_2","APSIM","KBS",18.02097297,-2.8905266592,-7.7,7.4304463108,"GFDL_High"
3,"NT-CR",2,"3_2","Daycent","KBS",7.9359078084,-2.8905266592,-12.4666666666667,-7.42128551746666,"GFDL_High"
3,"NT-CR",2,"3_2","Millennial","KBS",12.9784403892,-2.8905266592,8.69554549047283,18.7834592204728,"GFDL_High"
3,"NT-CR",2,"3_2","RothC","KBS",12.9784403892,-2.8905266592,1.63496666666666,11.7228803966667,"GFDL_High"
3,"CC-CR",3,"3_3","APSIM","KBS",8.54418708,-0.3159234936,-3.30000000000001,4.92826358639999,"GFDL_High"
3,"CC-CR",3,"3_3","Daycent","KBS",9.6398380221,-0.3159234936,3.3,12.6239145285,"GFDL_High"
3,"CC-CR",3,"3_3","Millennial","KBS",9.09201255105,-0.3159234936,5.81464124344477,14.5907303008948,"GFDL_High"
3,"CC-CR",3,"3_3","RothC","KBS",9.09201255105,-0.3159234936,-0.135666666666663,8.64042239078334,"GFDL_High"
3,"RF05-CR",41,"3_41","APSIM","KBS",19.27920423,-0.7224977376,-8.06666666666667,10.4900398257333,"GFDL_High"
3,"RF05-CR",41,"3_41","Daycent","KBS",10.4840434842,-0.7224977376,-3.66666666666667,6.09487907993333,"GFDL_High"
3,"RF05-CR",41,"3_41","Millennial","KBS",14.8816238571,-0.7224977376,26.9277106104212,41.0868367299212,"GFDL_High"
3,"RF05-CR",41,"3_41","RothC","KBS",14.8816238571,-0.7224977376,4.48543333333333,18.6445594528333,"GFDL_High"
3,"RF15-CR",42,"3_42","APSIM","KBS",17.55464997,-0.7357225284,-7.33333333333333,9.48559410826667,"GFDL_High"
3,"RF15-CR",42,"3_42","Daycent","KBS",9.6648472635,-0.7357225284,-2.2,6.7291247351,"GFDL_High"
3,"RF15-CR",42,"3_42","Millennial","KBS",13.60974861675,-0.7357225284,29.7024209513101,42.5764470396601,"GFDL_High"
3,"RF15-CR",42,"3_42","RothC","KBS",13.60974861675,-0.7357225284,5.0622,17.93622608835,"GFDL_High"
3,"RF25-CR",43,"3_43","APSIM","KBS",15.93435987,-0.7529234328,-6.96666666666667,8.21476977053334,"GFDL_High"
3,"RF25-CR",43,"3_43","Daycent","KBS",8.8462535733,-0.7529234328,-0.733333333333344,7.35999680716666,"GFDL_High"
3,"RF25-CR",43,"3_43","Millennial","KBS",12.39030672165,-0.7529234328,33.0314578914089,44.6688411802589,"GFDL_High"
3,"RF25-CR",43,"3_43","RothC","KBS",12.39030672165,-0.7529234328,5.75703333333333,17.3944166221833,"GFDL_High"
3,"RF35-CR",44,"3_44","APSIM","KBS",14.55230205,-0.7901996112,-6.23333333333333,7.52876910546667,"GFDL_High"
3,"RF35-CR",44,"3_44","Daycent","KBS",8.0054757354,-0.7901996112,0.73333333333333,7.94860945753333,"GFDL_High"
3,"RF35-CR",44,"3_44","Millennial","KBS",11.2788888927,-0.7901996112,36.7308455488817,47.2195348303817,"GFDL_High"
3,"RF35-CR",44,"3_44","RothC","KBS",11.2788888927,-0.7901996112,6.512,17.0006892815,"GFDL_High"
3,"RR50-CR",51,"3_51","APSIM","KBS",20.93046384,-0.5233879512,-9.53333333333333,10.8737425554667,"GFDL_High"
3,"RR50-CR",51,"3_51","Daycent","KBS",11.0886721374,-0.5233879512,-14.3,-3.7347158138,"GFDL_High"
3,"RR50-CR",51,"3_51","Millennial","KBS",16.0095679887,-0.5233879512,18.9592521726113,34.4454322101113,"GFDL_High"
3,"RR50-CR",51,"3_51","RothC","KBS",16.0095679887,-0.5233879512,3.4386,18.9247800375,"GFDL_High"
3,"RR25-CR",52,"3_52","APSIM","KBS",22.29592365,-0.3670791768,-10.2666666666667,11.6621778065333,"GFDL_High"
3,"RR25-CR",52,"3_52","Daycent","KBS",11.0119710987,-0.3670791768,-22.7333333333333,-12.0884414114333,"GFDL_High"
3,"RR25-CR",52,"3_52","Millennial","KBS",16.65394737435,-0.3670791768,9.97560135635474,26.2624695539047,"GFDL_High"
3,"RR25-CR",52,"3_52","RothC","KBS",16.65394737435,-0.3670791768,2.79729999999999,19.08416819755,"GFDL_High"
3,"RR00-CR",53,"3_53","APSIM","KBS",24.94703211,-0.2195805816,-10.6333333333333,14.0941181950667,"GFDL_High"
3,"RR00-CR",53,"3_53","Daycent","KBS",10.9780833591,-0.2195805816,-23.8333333333333,-13.0748305558333,"GFDL_High"
3,"RR00-CR",53,"3_53","Millennial","KBS",17.96255773455,-0.2195805816,0.391570676648855,18.1345478295989,"GFDL_High"
3,"RR00-CR",53,"3_53","RothC","KBS",17.96255773455,-0.2195805816,2.2242,19.96717715295,"GFDL_High"
3,"BC19-CR",61,"3_61","APSIM","KBS",19.09774581,NA,-4.76666666666667,14.3310791433333,"GFDL_High"
3,"BC38-CR",62,"3_62","APSIM","KBS",18.55844133,NA,-1.46666666666666,17.0917746633333,"GFDL_High"
3,"BC57-CR",63,"3_63","APSIM","KBS",18.06422046,NA,1.46666666666669,19.5308871266667,"GFDL_High"
3,"BC76-CR",64,"3_64","APSIM","KBS",17.66815479,NA,4.4,22.06815479,"GFDL_High"
3,"BC96-CR",65,"3_65","APSIM","KBS",17.32592004,NA,6.9666666666667,24.2925867066667,"GFDL_High"
4,"CR",1,"4_1","APSIM","KBS",25.03251036,-0.8666811432,-8.43333333333333,15.7324958834667,"UKESM_Low"
4,"CR",1,"4_1","Daycent","KBS",11.4369442902,-0.8666811432,-2.93333333333334,7.63692981366666,"UKESM_Low"
4,"CR",1,"4_1","Millennial","KBS",18.2347273251,-0.8666811432,34.4565343305128,51.8245805124128,"UKESM_Low"
4,"CR",1,"4_1","RothC","KBS",18.2347273251,-0.8666811432,5.29576666666667,22.6638128485667,"UKESM_Low"
4,"NT-CR",2,"4_2","APSIM","KBS",22.41146193,-3.1850667864,-7.33333333333333,11.8930618102667,"UKESM_Low"
4,"NT-CR",2,"4_2","Daycent","KBS",8.4087987984,-3.1850667864,-9.9,-4.676267988,"UKESM_Low"
4,"NT-CR",2,"4_2","Millennial","KBS",15.4101303642,-3.1850667864,11.5653982195279,23.7904617973279,"UKESM_Low"
4,"NT-CR",2,"4_2","RothC","KBS",15.4101303642,-3.1850667864,4.26946666666667,16.4945302444667,"UKESM_Low"
4,"CC-CR",3,"4_3","APSIM","KBS",8.7126897,-0.6070549896,-2.56666666666666,5.53896804373334,"UKESM_Low"
4,"CC-CR",3,"4_3","Daycent","KBS",8.9272026558,-0.6070549896,5.86666666666667,14.1868143328667,"UKESM_Low"
4,"CC-CR",3,"4_3","Millennial","KBS",8.8199461779,-0.6070549896,3.7630314948622,11.9759226831622,"UKESM_Low"
4,"CC-CR",3,"4_3","RothC","KBS",8.8199461779,-0.6070549896,4.4132,12.6260911883,"UKESM_Low"
4,"RF05-CR",41,"4_41","APSIM","KBS",23.8169646,-0.8740185696,-8.43333333333333,14.5096126970667,"UKESM_Low"
4,"RF05-CR",41,"4_41","Daycent","KBS",11.0133235641,-0.8740185696,-2.2,7.9393049945,"UKESM_Low"
4,"RF05-CR",41,"4_41","Millennial","KBS",17.41514408205,-0.8740185696,35.7881338750129,52.3292593874629,"UKESM_Low"
4,"RF05-CR",41,"4_41","RothC","KBS",17.41514408205,-0.8740185696,5.55646666666667,22.0975921791167,"UKESM_Low"
4,"RF15-CR",42,"4_42","APSIM","KBS",21.50550831,-0.8814010068,-7.7,12.9241073032,"UKESM_Low"
4,"RF15-CR",42,"4_42","Daycent","KBS",10.1645010753,-0.8814010068,-1.1,8.1831000685,"UKESM_Low"
4,"RF15-CR",42,"4_42","Millennial","KBS",15.83500469265,-0.8814010068,38.6093030107367,53.5629066965867,"UKESM_Low"
4,"RF15-CR",42,"4_42","RothC","KBS",15.83500469265,-0.8814010068,6.11783333333333,21.0714370191833,"UKESM_Low"
4,"RF25-CR",43,"4_43","APSIM","KBS",19.3655319,-0.9069612984,-6.96666666666667,11.4919039349333,"UKESM_Low"
4,"RF25-CR",43,"4_43","Daycent","KBS",9.316891584,-0.9069612984,0.366666666666659,8.77659695226666,"UKESM_Low"
4,"RF25-CR",43,"4_43","Millennial","KBS",14.341211742,-0.9069612984,41.964209536007,55.398459979607,"UKESM_Low"
4,"RF25-CR",43,"4_43","RothC","KBS",14.341211742,-0.9069612984,6.78993333333333,20.2241837769333,"UKESM_Low"
4,"RF35-CR",44,"4_44","APSIM","KBS",17.39917179,-0.949691466,-6.23333333333333,10.2161469906667,"UKESM_Low"
4,"RF35-CR",44,"4_44","Daycent","KBS",8.467975659,-0.949691466,1.83333333333333,9.35161752633333,"UKESM_Low"
4,"RF35-CR",44,"4_44","Millennial","KBS",12.9335737245,-0.949691466,45.5353484864535,57.5192307449535,"UKESM_Low"
4,"RF35-CR",44,"4_44","RothC","KBS",12.9335737245,-0.949691466,7.49356666666667,19.4774489251667,"UKESM_Low"
4,"RR50-CR",51,"4_51","APSIM","KBS",25.85580855,-0.7025254596,-8.8,16.3532830904,"UKESM_Low"
4,"RR50-CR",51,"4_51","Daycent","KBS",11.7104998725,-0.7025254596,-12.4666666666667,-1.45869225376667,"UKESM_Low"
4,"RR50-CR",51,"4_51","Millennial","KBS",18.78315421125,-0.7025254596,29.626226293723,47.706855045373,"UKESM_Low"
4,"RR50-CR",51,"4_51","RothC","KBS",18.78315421125,-0.7025254596,4.82056666666667,22.9011954183167,"UKESM_Low"
4,"RR25-CR",52,"4_52","APSIM","KBS",27.25929063,-0.5499098748,-8.8,17.9093807552,"UKESM_Low"
4,"RR25-CR",52,"4_52","Daycent","KBS",11.7454948611,-0.5499098748,-20.1666666666667,-8.97108168036667,"UKESM_Low"
4,"RR25-CR",52,"4_52","Millennial","KBS",19.50239274555,-0.5499098748,23.1423940959805,42.0948769667305,"UKESM_Low"
4,"RR25-CR",52,"4_52","RothC","KBS",19.50239274555,-0.5499098748,4.477,23.42948287075,"UKESM_Low"
4,"RR00-CR",53,"4_53","APSIM","KBS",29.6983401,-0.4028285628,-8.06666666666667,21.2288448705333,"UKESM_Low"
4,"RR00-CR",53,"4_53","Daycent","KBS",11.700689286,-0.4028285628,-20.9,-9.6021392768,"UKESM_Low"
4,"RR00-CR",53,"4_53","Millennial","KBS",20.699514693,-0.4028285628,15.3948957196558,35.6915818498558,"UKESM_Low"
4,"RR00-CR",53,"4_53","RothC","KBS",20.699514693,-0.4028285628,3.9292,24.2258861302,"UKESM_Low"
4,"BC19-CR",61,"4_61","APSIM","KBS",23.53185549,NA,-4.76666666666667,18.7651888233333,"UKESM_Low"
4,"BC38-CR",62,"4_62","APSIM","KBS",22.92301869,NA,-1.46666666666666,21.4563520233333,"UKESM_Low"
4,"BC57-CR",63,"4_63","APSIM","KBS",22.37737359,NA,1.83333333333333,24.2107069233333,"UKESM_Low"
4,"BC76-CR",64,"4_64","APSIM","KBS",21.91069881,NA,4.7666666666667,26.6773654766667,"UKESM_Low"
4,"BC96-CR",65,"4_65","APSIM","KBS",21.49919343,NA,6.9666666666667,28.4658600966667,"UKESM_Low"
5,"CR",1,"5_1","APSIM","KBS",27.05204931,-0.863764272,-8.06666666666667,18.1216183713333,"UKESM_High"
5,"CR",1,"5_1","Daycent","KBS",11.1118166445,-0.863764272,-1.46666666666667,8.78138570583332,"UKESM_High"
5,"CR",1,"5_1","Millennial","KBS",19.08193297725,-0.863764272,41.7560935701133,59.9742622753633,"UKESM_High"
5,"CR",1,"5_1","RothC","KBS",19.08193297725,-0.863764272,6.10976666666667,24.3279353719167,"UKESM_High"
5,"NT-CR",2,"5_2","APSIM","KBS",23.93278173,-3.1999494528,-7.33333333333333,13.3994989438667,"UKESM_High"
5,"NT-CR",2,"5_2","Daycent","KBS",8.1213367521,-3.1999494528,-9.53333333333333,-4.61194603403333,"UKESM_High"
5,"NT-CR",2,"5_2","Millennial","KBS",16.02705924105,-3.1999494528,9.7802705858968,22.6073803741468,"UKESM_High"
5,"NT-CR",2,"5_2","RothC","KBS",16.02705924105,-3.1999494528,4.84623333333333,17.6733431215833,"UKESM_High"
5,"CC-CR",3,"5_3","APSIM","KBS",9.63269307,-0.6279208056,-2.19999999999999,6.80477226440001,"UKESM_High"
5,"CC-CR",3,"5_3","Daycent","KBS",9.2459190252,-0.6279208056,7.33333333333333,15.9513315529333,"UKESM_High"
5,"CC-CR",3,"5_3","Millennial","KBS",9.4393060476,-0.6279208056,-11.1758584697507,-2.3644732277507,"UKESM_High"
5,"CC-CR",3,"5_3","RothC","KBS",9.4393060476,-0.6279208056,6.2931,15.104485242,"UKESM_High"
5,"RF05-CR",41,"5_41","APSIM","KBS",25.73274561,-0.8704630548,-8.06666666666667,16.7956158885333,"UKESM_High"
5,"RF05-CR",41,"5_41","Daycent","KBS",10.6775075121,-0.8704630548,-1.1,8.7070444573,"UKESM_High"
5,"RF05-CR",41,"5_41","Millennial","KBS",18.20512656105,-0.8704630548,42.6780571720884,60.0127206783384,"UKESM_High"
5,"RF05-CR",41,"5_41","RothC","KBS",18.20512656105,-0.8704630548,6.3107,23.64536350625,"UKESM_High"
5,"RF15-CR",42,"5_42","APSIM","KBS",23.23248213,-0.8839764396,-7.33333333333333,15.0151723570667,"UKESM_High"
5,"RF15-CR",42,"5_42","Daycent","KBS",9.802940004,-0.8839764396,0,8.9189635644,"UKESM_High"
5,"RF15-CR",42,"5_42","Millennial","KBS",16.517711067,-0.8839764396,44.6685020921271,60.3022367195271,"UKESM_High"
5,"RF15-CR",42,"5_42","RothC","KBS",16.517711067,-0.8839764396,6.7452,22.3789346274,"UKESM_High"
5,"RF25-CR",43,"5_43","APSIM","KBS",20.99287047,-0.9097820064,-6.6,13.4830884636,"UKESM_High"
5,"RF25-CR",43,"5_43","Daycent","KBS",8.9550881277,-0.9097820064,1.09999999999999,9.14530612129999,"UKESM_High"
5,"RF25-CR",43,"5_43","Millennial","KBS",14.97397929885,-0.9097820064,47.4727355942162,61.5369328866662,"UKESM_High"
5,"RF25-CR",43,"5_43","RothC","KBS",14.97397929885,-0.9097820064,7.348,21.41219729245,"UKESM_High"
5,"RF35-CR",44,"5_44","APSIM","KBS",18.86264523,-0.951950088,-5.86666666666667,12.0440284753333,"UKESM_High"
5,"RF35-CR",44,"5_44","Daycent","KBS",8.1217127277,-0.951950088,2.56666666666666,9.73642930636666,"UKESM_High"
5,"RF35-CR",44,"5_44","Millennial","KBS",13.49217897885,-0.951950088,50.5765265803431,63.1167554711931,"UKESM_High"
5,"RF35-CR",44,"5_44","RothC","KBS",13.49217897885,-0.951950088,8.00616666666667,20.5463955575167,"UKESM_High"
5,"RR50-CR",51,"5_51","APSIM","KBS",27.92959455,-0.696855384,-8.43333333333333,18.7994058326667,"UKESM_High"
5,"RR50-CR",51,"5_51","Daycent","KBS",11.404088553,-0.696855384,-11,-0.292766831000001,"UKESM_High"
5,"RR50-CR",51,"5_51","Millennial","KBS",19.6668415515,-0.696855384,37.7720462755999,56.7420324430999,"UKESM_High"
5,"RR50-CR",51,"5_51","RothC","KBS",19.6668415515,-0.696855384,5.65473333333333,24.6247195008333,"UKESM_High"
5,"RR25-CR",52,"5_52","APSIM","KBS",29.29573218,-0.5279690664,-8.43333333333333,20.3344297802667,"UKESM_High"
5,"RR25-CR",52,"5_52","Daycent","KBS",11.5331092305,-0.5279690664,-19.0666666666667,-8.06152650256667,"UKESM_High"
5,"RR25-CR",52,"5_52","Millennial","KBS",20.41442070525,-0.5279690664,31.487485085327,51.373936724177,"UKESM_High"
5,"RR25-CR",52,"5_52","RothC","KBS",20.41442070525,-0.5279690664,5.11793333333333,25.0043849721833,"UKESM_High"
5,"RR00-CR",53,"5_53","APSIM","KBS",31.60092936,-0.380110878,-8.06666666666667,23.1541518153333,"UKESM_High"
5,"RR00-CR",53,"5_53","Daycent","KBS",11.6218461216,-0.380110878,-20.1666666666667,-8.92493142306666,"UKESM_High"
5,"RR00-CR",53,"5_53","Millennial","KBS",21.6113877408,-0.380110878,24.5631482762549,45.7944251390549,"UKESM_High"
5,"RR00-CR",53,"5_53","RothC","KBS",21.6113877408,-0.380110878,4.5738,25.8050768628,"UKESM_High"
5,"BC19-CR",61,"5_61","APSIM","KBS",25.64818113,NA,-4.4,21.24818113,"UKESM_High"
5,"BC38-CR",62,"5_62","APSIM","KBS",24.98728947,NA,-0.733333333333319,24.2539561366667,"UKESM_High"
5,"BC57-CR",63,"5_63","APSIM","KBS",24.37511505,NA,2.56666666666668,26.9417817166667,"UKESM_High"
5,"BC76-CR",64,"5_64","APSIM","KBS",23.84689593,NA,5.5,29.34689593,"UKESM_High"
5,"BC96-CR",65,"5_65","APSIM","KBS",23.37760425,NA,8.43333333333333,31.8109375833333,"UKESM_High"
1,"RR50-CR",51,"1_51","APSIM","LRF",2.95066629,-1.6287039684,0,1.3219623216,"Baseline"
1,"RR25-CR",52,"1_52","APSIM","LRF",3.49719084,-1.4388498648,0,2.0583409752,"Baseline"
1,"RR00-CR",53,"1_53","APSIM","LRF",4.23102108,-1.1744829036,0.366666666666665,3.42320484306667,"Baseline"
1,"RR50-NT-CR",54,"1_54","APSIM","LRF",3.05031012,-4.6788523452,0,-1.6285422252,"Baseline"
1,"RR25-NT-CR",55,"1_55","APSIM","LRF",3.65084148,-4.4671260744,-0.73333333333333,-1.54961792773333,"Baseline"
1,"RR00-NT-CR",56,"1_56","APSIM","LRF",4.38628905,-4.2378044724,-1.1,-0.951515422400001,"Baseline"
2,"RR50-CR",51,"2_51","APSIM","LRF",2.96481042,-1.60873839,1.1,2.45607203,"GFDL_Low"
2,"RR25-CR",52,"2_52","APSIM","LRF",3.42142515,-1.4379855552,1.46666666666667,3.45010626146667,"GFDL_Low"
2,"RR00-CR",53,"2_53","APSIM","LRF",4.09097832,-1.186358886,1.83333333333333,4.73795276733333,"GFDL_Low"
2,"RR50-NT-CR",54,"2_54","APSIM","LRF",3.05651346,-4.4845680168,0.733333333333333,-0.694721223466667,"GFDL_Low"
2,"RR25-NT-CR",55,"2_55","APSIM","LRF",3.56930145,-4.2930544176,1.1,0.3762470324,"GFDL_Low"
2,"RR00-NT-CR",56,"2_56","APSIM","LRF",4.25704851,-4.0689849132,1.1,1.2880635968,"GFDL_Low"
3,"RR50-CR",51,"3_51","APSIM","LRF",2.86496925,-1.6602431508,1.1,2.3047260992,"GFDL_High"
3,"RR25-CR",52,"3_52","APSIM","LRF",3.36275082,-1.4905201896,1.1,2.9722306304,"GFDL_High"
3,"RR00-CR",53,"3_53","APSIM","LRF",4.04169909,-1.2245160132,1.46666666666667,4.28384974346667,"GFDL_High"
3,"RR50-NT-CR",54,"3_54","APSIM","LRF",2.92975683,-4.6275305436,1.46666666666667,-0.231107046933333,"GFDL_High"
3,"RR25-NT-CR",55,"3_55","APSIM","LRF",3.47513166,-4.4261163432,1.1,0.1490153168,"GFDL_High"
3,"RR00-NT-CR",56,"3_56","APSIM","LRF",4.15123566,-4.1982640668,2.2,2.1529715932,"GFDL_High"
4,"RR50-CR",51,"4_51","APSIM","LRF",2.69366097,-1.6137029196,1.1,2.1799580504,"UKESM_Low"
4,"RR25-CR",52,"4_52","APSIM","LRF",3.14944773,-1.4260796892,0.733333333333333,2.45670137413333,"UKESM_Low"
4,"RR00-CR",53,"4_53","APSIM","LRF",3.78512706,-1.1595035052,0.733333333333333,3.35895688813333,"UKESM_Low"
4,"RR50-NT-CR",54,"4_54","APSIM","LRF",2.78435157,-4.575447468,1.83333333333333,0.0422374353333328,"UKESM_Low"
4,"RR25-NT-CR",55,"4_55","APSIM","LRF",3.2955351,-4.3726069656,1.83333333333333,0.756261467733333,"UKESM_Low"
4,"RR00-NT-CR",56,"4_56","APSIM","LRF",3.94344093,-4.147993782,2.56666666666667,2.36211381466667,"UKESM_Low"
5,"RR50-CR",51,"5_51","APSIM","LRF",2.97650067,-1.6621043652,1.46666666666667,2.78106297146667,"UKESM_High"
5,"RR25-CR",52,"5_52","APSIM","LRF",3.49572366,-1.472523426,1.83333333333333,3.85653356733333,"UKESM_High"
5,"RR00-CR",53,"5_53","APSIM","LRF",4.21622058,-1.1834383716,2.56666666666667,5.59944887506667,"UKESM_High"
5,"RR50-NT-CR",54,"5_54","APSIM","LRF",3.03196179,-4.6623692664,1.83333333333333,0.202925856933334,"UKESM_High"
5,"RR25-NT-CR",55,"5_55","APSIM","LRF",3.5969934,-4.4529203196,2.93333333333333,2.07740641373333,"UKESM_High"
5,"RR00-NT-CR",56,"5_56","APSIM","LRF",4.36118397,-4.2132660624,4.03333333333333,4.18125124093333,"UKESM_High"
1,"CC-CR",3,"1_3","Daycent","LRF",4.7224425105,-0.994359744,-4.76666666666667,-1.03858390016667,"Baseline"
1,"RF05-CR",41,"1_41","Daycent","LRF",4.7428720053,-1.2103221312,-1.83333333333333,1.69921654076667,"Baseline"
1,"RF15-CR",42,"1_42","Daycent","LRF",4.6293779961,-1.2852075672,-1.1,2.2441704289,"Baseline"
1,"RF25-CR",43,"1_43","Daycent","LRF",4.5082166844,-1.3648619196,-0.366666666666665,2.77668809813333,"Baseline"
1,"RF35-CR",44,"1_44","Daycent","LRF",4.381736073,-1.4496827436,0.366666666666665,3.29871999606666,"Baseline"
1,"RR50-CR",51,"1_51","Daycent","LRF",4.8599274438,-1.6287039684,-2.93333333333334,0.297890142066663,"Baseline"
1,"RR25-CR",52,"1_52","Daycent","LRF",4.8101231607,-1.4388498648,-4.76666666666667,-1.39539337076667,"Baseline"
1,"RR00-CR",53,"1_53","Daycent","LRF",4.7960853798,-1.1744829036,-2.2,1.4216024762,"Baseline"
1,"RR50-NT-CR",54,"1_54","Daycent","LRF",4.0511299686,-4.6788523452,-8.8,-9.4277223766,"Baseline"
1,"RR25-NT-CR",55,"1_55","Daycent","LRF",4.0000108434,-4.4671260744,-11,-11.467115231,"Baseline"
1,"RR00-NT-CR",56,"1_56","Daycent","LRF",3.9595839855,-4.2378044724,-13.2,-13.4782204869,"Baseline"
1,"CN",7,"1_7","Daycent","LRF",3.5996200812,-2.1499910136,2.56666666666666,4.01629573426666,"Baseline"
1,"CC-NT-CR",8,"1_8","Daycent","LRF",3.7926612438,-4.2720557796,-13.5666666666667,-14.0460612024667,"Baseline"
2,"CC-CR",3,"2_3","Daycent","LRF",4.7110695918,-0.9167305572,-3.3,0.494339034599996,"GFDL_Low"
2,"RF05-CR",41,"2_41","Daycent","LRF",4.7331482484,-1.2194087724,-0.73333333333333,2.78040614266667,"GFDL_Low"
2,"RF15-CR",42,"2_42","Daycent","LRF",4.6343142417,-1.2885810336,-0.366666666666665,2.97906654143334,"GFDL_Low"
2,"RF25-CR",43,"2_43","Daycent","LRF",4.5304118145,-1.3618502316,0.366666666666665,3.53522824956667,"GFDL_Low"
2,"RF35-CR",44,"2_44","Daycent","LRF",4.4178983706,-1.439555688,1.1,4.0783426826,"GFDL_Low"
2,"RR50-CR",51,"2_51","Daycent","LRF",4.9415633982,-1.60873839,-1.83333333333333,1.49949167486667,"GFDL_Low"
2,"RR25-CR",52,"2_52","Daycent","LRF",4.8850777833,-1.4379855552,-3.3,0.147092228100001,"GFDL_Low"
2,"RR00-CR",53,"2_53","Daycent","LRF",4.7795123805,-1.186358886,-1.1,2.4931534945,"GFDL_Low"
2,"RR50-NT-CR",54,"2_54","Daycent","LRF",4.058208726,-4.4845680168,-8.06666666666667,-8.49302595746667,"GFDL_Low"
2,"RR25-NT-CR",55,"2_55","Daycent","LRF",3.9854642685,-4.2930544176,-10.2666666666667,-10.5742568157667,"GFDL_Low"
2,"RR00-NT-CR",56,"2_56","Daycent","LRF",3.951845469,-4.0689849132,-12.8333333333333,-12.9504727775333,"GFDL_Low"
2,"CN",7,"2_7","Daycent","LRF",3.6067604001,-2.0958847632,3.3,4.8108756369,"GFDL_Low"
2,"CC-NT-CR",8,"2_8","Daycent","LRF",3.7491338742,-4.0580299512,-13.2,-13.508896077,"GFDL_Low"
3,"CC-CR",3,"3_3","Daycent","LRF",4.672205967,-0.9702607536,-4.03333333333333,-0.331388119933333,"GFDL_High"
3,"RF05-CR",41,"3_41","Daycent","LRF",4.7177911638,-1.2579768972,-0.73333333333333,2.72648093326667,"GFDL_High"
3,"RF15-CR",42,"3_42","Daycent","LRF",4.6271529447,-1.3270381992,-0.366666666666665,2.93344807883333,"GFDL_High"
3,"RF25-CR",43,"3_43","Daycent","LRF",4.5311531265,-1.4021857296,0.366666666666665,3.49563406356666,"GFDL_High"
3,"RF35-CR",44,"3_44","Daycent","LRF",4.4196930921,-1.4818659444,1.1,4.03782714770001,"GFDL_High"
3,"RR50-CR",51,"3_51","Daycent","LRF",4.8568649415,-1.6602431508,-1.83333333333333,1.36328845736667,"GFDL_High"
3,"RR25-CR",52,"3_52","Daycent","LRF",4.8125101596,-1.4905201896,-3.66666666666667,-0.344676696666666,"GFDL_High"
3,"RR00-CR",53,"3_53","Daycent","LRF",4.7614821969,-1.2245160132,-1.1,2.4369661837,"GFDL_High"
3,"RR50-NT-CR",54,"3_54","Daycent","LRF",4.0629990258,-4.6275305436,-8.06666666666667,-8.63119818446667,"GFDL_High"
3,"RR25-NT-CR",55,"3_55","Daycent","LRF",4.0064851827,-4.4261163432,-10.2666666666667,-10.6862978271667,"GFDL_High"
3,"RR00-NT-CR",56,"3_56","Daycent","LRF",3.992563146,-4.1982640668,-12.4666666666667,-12.6723675874667,"GFDL_High"
3,"CN",7,"3_7","Daycent","LRF",3.6704121597,-2.1821980644,3.3,4.7882140953,"GFDL_High"
3,"CC-NT-CR",8,"3_8","Daycent","LRF",3.7355044584,-4.2017266368,-13.5666666666667,-14.0328888450667,"GFDL_High"
4,"CC-CR",3,"4_3","Daycent","LRF",4.7808838506,-0.918120654,-4.03333333333333,-0.170570136733334,"UKESM_Low"
4,"RF05-CR",41,"4_41","Daycent","LRF",4.8887953257,-1.1944628028,-1.46666666666667,2.22766585623333,"UKESM_Low"
4,"RF15-CR",42,"4_42","Daycent","LRF",4.7886229248,-1.269230418,-0.73333333333333,2.78605917346667,"UKESM_Low"
4,"RF25-CR",43,"4_43","Daycent","LRF",4.6803566238,-1.349241444,0,3.3311151798,"UKESM_Low"
4,"RF35-CR",44,"4_44","Daycent","LRF",4.5614771631,-1.4343551604,0.73333333333333,3.86045533603333,"UKESM_Low"
4,"RR50-CR",51,"4_51","Daycent","LRF",5.0313795675,-1.6137029196,-1.83333333333333,1.58434331456667,"UKESM_Low"
4,"RR25-CR",52,"4_52","Daycent","LRF",4.984330923,-1.4260796892,-3.66666666666667,-0.108415432866666,"UKESM_Low"
4,"RR00-CR",53,"4_53","Daycent","LRF",4.9352328168,-1.1595035052,-1.83333333333333,1.94239597826667,"UKESM_Low"
4,"RR50-NT-CR",54,"4_54","Daycent","LRF",4.188610569,-4.575447468,-8.43333333333333,-8.82017023233333,"UKESM_Low"
4,"RR25-NT-CR",55,"4_55","Daycent","LRF",4.1315373099,-4.3726069656,-10.6333333333333,-10.8744029890333,"UKESM_Low"
4,"RR00-NT-CR",56,"4_56","Daycent","LRF",4.1061752589,-4.147993782,-13.2,-13.2418185231,"UKESM_Low"
4,"CN",7,"4_7","Daycent","LRF",3.769630293,-2.1515315004,3.3,4.9180987926,"UKESM_Low"
4,"CC-NT-CR",8,"4_8","Daycent","LRF",3.8730671694,-4.14756873,-13.5666666666667,-13.8411682272667,"UKESM_Low"
5,"CC-CR",3,"5_3","Daycent","LRF",4.9082905014,-1.0170660564,-2.93333333333333,0.957891111666666,"UKESM_High"
5,"RF05-CR",41,"5_41","Daycent","LRF",5.1087519054,-1.2232886508,-1.1,2.7854632546,"UKESM_High"
5,"RF15-CR",42,"5_42","Daycent","LRF",4.9895428869,-1.3052211516,-0.366666666666665,3.31765506863333,"UKESM_High"
5,"RF25-CR",43,"5_43","Daycent","LRF",4.8625187325,-1.3920348096,0.366666666666665,3.83715058956667,"UKESM_High"
5,"RF35-CR",44,"5_44","Daycent","LRF",4.7248273215,-1.4833742688,1.1,4.3414530527,"UKESM_High"
5,"RR50-CR",51,"5_51","Daycent","LRF",5.1849753813,-1.6621043652,-1.46666666666667,2.05620434943333,"UKESM_High"
5,"RR25-CR",52,"5_52","Daycent","LRF",5.1607629216,-1.472523426,-3.3,0.388239495599999,"UKESM_High"
5,"RR00-CR",53,"5_53","Daycent","LRF",5.1640572555,-1.1834383716,-1.46666666666667,2.51395221723333,"UKESM_High"
5,"RR50-NT-CR",54,"5_54","Daycent","LRF",4.3670006952,-4.6623692664,-8.06666666666667,-8.36203523786667,"UKESM_High"
5,"RR25-NT-CR",55,"5_55","Daycent","LRF",4.3255169529,-4.4529203196,-10.6333333333333,-10.7607367000333,"UKESM_High"
5,"RR00-NT-CR",56,"5_56","Daycent","LRF",4.315261665,-4.2132660624,-12.8333333333333,-12.7313377307333,"UKESM_High"
5,"CN",7,"5_7","Daycent","LRF",3.8803901994,-2.1782691216,2.93333333333333,4.63545441113333,"UKESM_High"
5,"CC-NT-CR",8,"5_8","Daycent","LRF",4.0437059949,-4.2459168456,-13.2,-13.4022108507,"UKESM_High"
1,"CC-CR",3,"1_3","APSIM","LRF",5.42331933,-0.994359744,0,4.428959586,"Baseline"
1,"CC-CR",3,"1_3","Millennial","LRF",5.07288092025,-0.994359744,2.78558057752444,6.86410175377444,"Baseline"
1,"CC-CR",3,"1_3","RothC","LRF",5.07288092025,-0.994359744,-0.184433333333333,3.89408784291667,"Baseline"
1,"RF05-CR",41,"1_41","APSIM","LRF",4.11679125,-1.2103221312,0,2.9064691188,"Baseline"
1,"RF05-CR",41,"1_41","Millennial","LRF",4.42983162765,-1.2103221312,9.3662967858251,12.5858062822751,"Baseline"
1,"RF05-CR",41,"1_41","RothC","LRF",4.42983162765,-1.2103221312,-0.278666666666665,2.94084282978333,"Baseline"
1,"RF15-CR",42,"1_42","APSIM","LRF",3.87623379,-1.2852075672,0,2.5910262228,"Baseline"
1,"RF15-CR",42,"1_42","Millennial","LRF",4.25280589305,-1.2852075672,10.5281034231153,13.4957017489653,"Baseline"
1,"RF15-CR",42,"1_42","RothC","LRF",4.25280589305,-1.2852075672,0.0368500000000022,3.00444832585,"Baseline"
1,"RF25-CR",43,"1_43","APSIM","LRF",3.63789426,-1.3648619196,0.366666666666665,2.63969900706666,"Baseline"
1,"RF25-CR",43,"1_43","Millennial","LRF",4.0730554722,-1.3648619196,11.712900969818,14.421094522418,"Baseline"
1,"RF25-CR",43,"1_43","RothC","LRF",4.0730554722,-1.3648619196,0.362633333333331,3.07082688593333,"Baseline"
1,"RF35-CR",44,"1_44","APSIM","LRF",3.41424369,-1.4496827436,0,1.9645609464,"Baseline"
1,"RF35-CR",44,"1_44","Millennial","LRF",3.8979898815,-1.4496827436,12.8926418460429,15.3409489839429,"Baseline"
1,"RF35-CR",44,"1_44","RothC","LRF",3.8979898815,-1.4496827436,0.6996,3.1479071379,"Baseline"
1,"RR50-CR",51,"1_51","Millennial","LRF",3.9052968669,-1.6287039684,7.8189567502552,10.0955496487552,"Baseline"
1,"RR50-CR",51,"1_51","RothC","LRF",3.9052968669,-1.6287039684,0.290950000000003,2.5675428985,"Baseline"
1,"RR25-CR",52,"1_52","Millennial","LRF",4.15365700035,-1.4388498648,9.60363808918103,12.318445224731,"Baseline"
1,"RR25-CR",52,"1_52","RothC","LRF",4.15365700035,-1.4388498648,0.0188833333333316,2.73369046888333,"Baseline"
1,"RR00-CR",53,"1_53","Millennial","LRF",4.5135532299,-1.1744829036,8.79106794619753,12.1301382724975,"Baseline"
1,"RR00-CR",53,"1_53","RothC","LRF",4.5135532299,-1.1744829036,-0.432483333333333,2.90658699296667,"Baseline"
1,"RR50-NT-CR",54,"1_54","Millennial","LRF",3.5507200443,-4.6788523452,10.9667405195887,9.8386082186887,"Baseline"
1,"RR50-NT-CR",54,"1_54","RothC","LRF",3.5507200443,-4.6788523452,0.5555,-0.572632300899999,"Baseline"
1,"RR25-NT-CR",55,"1_55","Millennial","LRF",3.8254261617,-4.4671260744,10.2818757819562,9.64017586925617,"Baseline"
1,"RR25-NT-CR",55,"1_55","RothC","LRF",3.8254261617,-4.4671260744,0.52855,-0.113149912700001,"Baseline"
1,"RR00-NT-CR",56,"1_56","Millennial","LRF",4.17293651775,-4.2378044724,9.2907813945848,9.2259134399348,"Baseline"
1,"RR00-NT-CR",56,"1_56","RothC","LRF",4.17293651775,-4.2378044724,0.497016666666663,0.432148712016663,"Baseline"
1,"BC19-CR",61,"1_61","APSIM","LRF",3.11824656,NA,2.2,5.31824656,"Baseline"
1,"BC38-CR",62,"1_62","APSIM","LRF",3.11584845,NA,4.03333333333333,7.14918178333333,"Baseline"
1,"BC57-CR",63,"1_63","APSIM","LRF",3.08341605,NA,5.5,8.58341605,"Baseline"
1,"BC76-CR",64,"1_64","APSIM","LRF",3.05230926,NA,7.33333333333333,10.3856425933333,"Baseline"
1,"BC96-CR",65,"1_65","APSIM","LRF",3.0083625,NA,14.3,17.3083625,"Baseline"
1,"CN",7,"1_7","APSIM","LRF",4.30386957,-2.1499910136,-1.46666666666667,0.687211889733334,"Baseline"
1,"CN",7,"1_7","Millennial","LRF",3.9517448256,-2.1499910136,17.143844025139,18.945597837139,"Baseline"
1,"CN",7,"1_7","RothC","LRF",3.9517448256,-2.1499910136,1.52295,3.324703812,"Baseline"
1,"CC-NT-CR",8,"1_8","APSIM","LRF",5.53513818,-4.2720557796,-0.733333333333333,0.529749067066666,"Baseline"
1,"CC-NT-CR",8,"1_8","Millennial","LRF",4.6638997119,-4.2720557796,8.81736458273257,9.20920851503257,"Baseline"
1,"CC-NT-CR",8,"1_8","RothC","LRF",4.6638997119,-4.2720557796,0.300483333333333,0.692327265633334,"Baseline"
2,"CC-CR",3,"2_3","APSIM","LRF",5.06615538,-0.9167305572,0.733333333333333,4.88275815613333,"GFDL_Low"
2,"CC-CR",3,"2_3","Millennial","LRF",4.8886124859,-0.9167305572,7.2175763964843,11.1894583251843,"GFDL_Low"
2,"CC-CR",3,"2_3","RothC","LRF",4.8886124859,-0.9167305572,-0.460166666666667,3.51171526203333,"GFDL_Low"
2,"RF05-CR",41,"2_41","APSIM","LRF",3.97701018,-1.2194087724,2.93333333333333,5.69093474093333,"GFDL_Low"
2,"RF05-CR",41,"2_41","Millennial","LRF",4.3550792142,-1.2194087724,12.5223736401441,15.6580440819441,"GFDL_Low"
2,"RF05-CR",41,"2_41","RothC","LRF",4.3550792142,-1.2194087724,1.03235,4.1680204418,"GFDL_Low"
2,"RF15-CR",42,"2_42","APSIM","LRF",3.74967021,-1.2885810336,1.83333333333333,4.29442250973333,"GFDL_Low"
2,"RF15-CR",42,"2_42","Millennial","LRF",4.19199222585,-1.2885810336,13.6508913893733,16.5543025816233,"GFDL_Low"
2,"RF15-CR",42,"2_42","RothC","LRF",4.19199222585,-1.2885810336,1.27343333333333,4.17684452558333,"GFDL_Low"
2,"RF25-CR",43,"2_43","APSIM","LRF",3.52731522,-1.3618502316,2.2,4.3654649884,"GFDL_Low"
2,"RF25-CR",43,"2_43","Millennial","LRF",4.02886351725,-1.3618502316,14.7749607365507,17.4419740222007,"GFDL_Low"
2,"RF25-CR",43,"2_43","RothC","LRF",4.02886351725,-1.3618502316,1.5213,4.18831328565,"GFDL_Low"
2,"RF35-CR",44,"2_44","APSIM","LRF",3.32348445,-1.439555688,2.2,4.083928762,"GFDL_Low"
2,"RF35-CR",44,"2_44","Millennial","LRF",3.8706914103,-1.439555688,15.8854739065744,18.3166096288744,"GFDL_Low"
2,"RF35-CR",44,"2_44","RothC","LRF",3.8706914103,-1.439555688,1.77723333333333,4.20836905563333,"GFDL_Low"
2,"RR50-CR",51,"2_51","Millennial","LRF",3.9531869091,-1.60873839,12.5255265944069,14.8699751135069,"GFDL_Low"
2,"RR50-CR",51,"2_51","RothC","LRF",3.9531869091,-1.60873839,1.38948333333333,3.73393185243333,"GFDL_Low"
2,"RR25-CR",52,"2_52","Millennial","LRF",4.15325146665,-1.4379855552,13.334324909781,16.049590821231,"GFDL_Low"
2,"RR25-CR",52,"2_52","RothC","LRF",4.15325146665,-1.4379855552,1.2078,3.92306591145,"GFDL_Low"
2,"RR00-CR",53,"2_53","Millennial","LRF",4.43524535025,-1.186358886,11.9659509323878,15.2148373966378,"GFDL_Low"
2,"RR00-CR",53,"2_53","RothC","LRF",4.43524535025,-1.186358886,0.917033333333333,4.16591979758333,"GFDL_Low"
2,"RR50-NT-CR",54,"2_54","Millennial","LRF",3.557361093,-4.4845680168,13.3560446730715,12.4288377492715,"GFDL_Low"
2,"RR50-NT-CR",54,"2_54","RothC","LRF",3.557361093,-4.4845680168,0.347233333333335,-0.579973590466664,"GFDL_Low"
2,"RR25-NT-CR",55,"2_55","Millennial","LRF",3.77738285925,-4.2930544176,12.2829989164304,11.7673273580804,"GFDL_Low"
2,"RR25-NT-CR",55,"2_55","RothC","LRF",3.77738285925,-4.2930544176,0.307266666666667,-0.208404891683332,"GFDL_Low"
2,"RR00-NT-CR",56,"2_56","Millennial","LRF",4.1044469895,-4.0689849132,11.0784031453476,11.1138652216476,"GFDL_Low"
2,"RR00-NT-CR",56,"2_56","RothC","LRF",4.1044469895,-4.0689849132,0.276283333333334,0.311745409633334,"GFDL_Low"
2,"BC19-CR",61,"2_61","APSIM","LRF",2.87625195,NA,2.2,5.07625195,"GFDL_Low"
2,"BC38-CR",62,"2_62","APSIM","LRF",2.85434292,NA,5.86666666666667,8.72100958666667,"GFDL_Low"
2,"BC57-CR",63,"2_63","APSIM","LRF",2.84528673,NA,5.5,8.34528673,"GFDL_Low"
2,"BC76-CR",64,"2_64","APSIM","LRF",2.84013873,NA,6.96666666666667,9.80680539666667,"GFDL_Low"
2,"BC96-CR",65,"2_65","APSIM","LRF",2.77713579,NA,9.16666666666667,11.9438024566667,"GFDL_Low"
2,"CN",7,"2_7","APSIM","LRF",4.06289598,-2.0958847632,0.733333333333333,2.70034455013333,"GFDL_Low"
2,"CN",7,"2_7","Millennial","LRF",3.83482819005,-2.0958847632,19.3108730444289,21.0498164712789,"GFDL_Low"
2,"CN",7,"2_7","RothC","LRF",3.83482819005,-2.0958847632,2.2715,4.01044342685,"GFDL_Low"
2,"CC-NT-CR",8,"2_8","APSIM","LRF",5.21262885,-4.0580299512,1.1,2.2545988988,"GFDL_Low"
2,"CC-NT-CR",8,"2_8","Millennial","LRF",4.4808813621,-4.0580299512,10.5234987924748,10.9463502033748,"GFDL_Low"
2,"CC-NT-CR",8,"2_8","RothC","LRF",4.4808813621,-4.0580299512,0.115500000000001,0.5383514109,"GFDL_Low"
3,"CC-CR",3,"3_3","APSIM","LRF",4.78748127,-0.9702607536,-0.366666666666665,3.45055384973333,"GFDL_High"
3,"CC-CR",3,"3_3","Millennial","LRF",4.7298436185,-0.9702607536,-4.15763421416864,-0.398051349268636,"GFDL_High"
3,"CC-CR",3,"3_3","RothC","LRF",4.7298436185,-0.9702607536,-0.91721666666667,2.84236619823333,"GFDL_High"
3,"RF05-CR",41,"3_41","APSIM","LRF",3.91691157,-1.2579768972,1.46666666666667,4.12560133946667,"GFDL_High"
3,"RF05-CR",41,"3_41","Millennial","LRF",4.3173513669,-1.2579768972,12.7703460394206,15.8297205091206,"GFDL_High"
3,"RF05-CR",41,"3_41","RothC","LRF",4.3173513669,-1.2579768972,0.7139,3.7732744697,"GFDL_High"
3,"RF15-CR",42,"3_42","APSIM","LRF",3.67538457,-1.3270381992,1.46666666666667,3.81501303746667,"GFDL_High"
3,"RF15-CR",42,"3_42","Millennial","LRF",4.15126875735,-1.3270381992,13.4731122408857,16.2973427990357,"GFDL_High"
3,"RF15-CR",42,"3_42","RothC","LRF",4.15126875735,-1.3270381992,0.957916666666667,3.78214722481667,"GFDL_High"
3,"RF25-CR",43,"3_43","APSIM","LRF",3.46399053,-1.4021857296,1.46666666666667,3.52847146706667,"GFDL_High"
3,"RF25-CR",43,"3_43","Millennial","LRF",3.99757182825,-1.4021857296,14.1753705472922,16.7707566459422,"GFDL_High"
3,"RF25-CR",43,"3_43","RothC","LRF",3.99757182825,-1.4021857296,1.21568333333333,3.81106943198333,"GFDL_High"
3,"RF35-CR",44,"3_44","APSIM","LRF",3.23151543,-1.4818659444,1.46666666666667,3.21631615226667,"GFDL_High"
3,"RF35-CR",44,"3_44","Millennial","LRF",3.82560426105,-1.4818659444,14.8319281656124,17.1756664822624,"GFDL_High"
3,"RF35-CR",44,"3_44","RothC","LRF",3.82560426105,-1.4818659444,1.48243333333333,3.82617164998333,"GFDL_High"
3,"RR50-CR",51,"3_51","Millennial","LRF",3.86091709575,-1.6602431508,4.59554946342763,6.79622340837763,"GFDL_High"
3,"RR50-CR",51,"3_51","RothC","LRF",3.86091709575,-1.6602431508,1.12786666666667,3.32854061161667,"GFDL_High"
3,"RR25-CR",52,"3_52","Millennial","LRF",4.0876304898,-1.4905201896,9.42384208661427,12.0209523868143,"GFDL_High"
3,"RR25-CR",52,"3_52","RothC","LRF",4.0876304898,-1.4905201896,0.948016666666667,3.54512696686667,"GFDL_High"
3,"RR00-CR",53,"3_53","Millennial","LRF",4.40159064345,-1.2245160132,12.4133495346766,15.5904241649266,"GFDL_High"
3,"RR00-CR",53,"3_53","RothC","LRF",4.40159064345,-1.2245160132,0.59546666666667,3.77254129691667,"GFDL_High"
3,"RR50-NT-CR",54,"3_54","Millennial","LRF",3.4963779279,-4.6275305436,11.2774688861435,10.1463162704435,"GFDL_High"
3,"RR50-NT-CR",54,"3_54","RothC","LRF",3.4963779279,-4.6275305436,0.171416666666668,-0.959735949033332,"GFDL_High"
3,"RR25-NT-CR",55,"3_55","Millennial","LRF",3.74080842135,-4.4261163432,11.9352068945303,11.2498989726803,"GFDL_High"
3,"RR25-NT-CR",55,"3_55","RothC","LRF",3.74080842135,-4.4261163432,0.137500000000002,-0.547807921849999,"GFDL_High"
3,"RR00-NT-CR",56,"3_56","Millennial","LRF",4.071899403,-4.1982640668,11.7808818722272,11.6545172084272,"GFDL_High"
3,"RR00-NT-CR",56,"3_56","RothC","LRF",4.071899403,-4.1982640668,0.0978999999999996,-0.0284646638000008,"GFDL_High"
3,"BC19-CR",61,"3_61","APSIM","LRF",2.67724314,NA,2.56666666666667,5.24390980666667,"GFDL_High"
3,"BC38-CR",62,"3_62","APSIM","LRF",2.67979569,NA,5.13333333333333,7.81312902333333,"GFDL_High"
3,"BC57-CR",63,"3_63","APSIM","LRF",2.66042205,NA,7.33333333333333,9.99375538333333,"GFDL_High"
3,"BC76-CR",64,"3_64","APSIM","LRF",2.65358379,NA,9.16666666666667,11.8202504566667,"GFDL_High"
3,"BC96-CR",65,"3_65","APSIM","LRF",2.64549714,NA,12.8333333333333,15.4788304733333,"GFDL_High"
3,"CN",7,"3_7","APSIM","LRF",3.81172935,-2.1821980644,-0.366666666666665,1.26286461893333,"GFDL_High"
3,"CN",7,"3_7","Millennial","LRF",3.74107075485,-2.1821980644,17.7174792905869,19.2763519810369,"GFDL_High"
3,"CN",7,"3_7","RothC","LRF",3.74107075485,-2.1821980644,2.27333333333334,3.83220602378334,"GFDL_High"
3,"CC-NT-CR",8,"3_8","APSIM","LRF",4.91737818,-4.2017266368,-0.36666666666667,0.348984876533329,"GFDL_High"
3,"CC-NT-CR",8,"3_8","Millennial","LRF",4.3264413192,-4.2017266368,9.59413985541293,9.71885453781293,"GFDL_High"
3,"CC-NT-CR",8,"3_8","RothC","LRF",4.3264413192,-4.2017266368,-0.155283333333333,-0.0305686509333334,"GFDL_High"
4,"CC-CR",3,"4_3","APSIM","LRF",5.24262882,-0.918120654,0,4.324508166,"UKESM_Low"
4,"CC-CR",3,"4_3","Millennial","LRF",5.0117563353,-0.918120654,6.664363441828,10.757999123128,"UKESM_Low"
4,"CC-CR",3,"4_3","RothC","LRF",5.0117563353,-0.918120654,-0.79401666666667,3.29961901463333,"UKESM_Low"
4,"RF05-CR",41,"4_41","APSIM","LRF",3.68100876,-1.1944628028,1.1,3.5865459572,"UKESM_Low"
4,"RF05-CR",41,"4_41","Millennial","LRF",4.28490204285,-1.1944628028,11.5152795653958,14.6057188054458,"UKESM_Low"
4,"RF05-CR",41,"4_41","RothC","LRF",4.28490204285,-1.1944628028,0.737366666666667,3.82780590671667,"UKESM_Low"
4,"RF15-CR",42,"4_42","APSIM","LRF",3.46634145,-1.269230418,1.1,3.297111032,"UKESM_Low"
4,"RF15-CR",42,"4_42","Millennial","LRF",4.1274821874,-1.269230418,12.6719017816138,15.5301535510138,"UKESM_Low"
4,"RF15-CR",42,"4_42","RothC","LRF",4.1274821874,-1.269230418,0.9911,3.8493517694,"UKESM_Low"
4,"RF25-CR",43,"4_43","APSIM","LRF",3.25799331,-1.349241444,1.46666666666667,3.37541853266667,"UKESM_Low"
4,"RF25-CR",43,"4_43","Millennial","LRF",3.9691749669,-1.349241444,13.8620312315837,16.4819647544837,"UKESM_Low"
4,"RF25-CR",43,"4_43","RothC","LRF",3.9691749669,-1.349241444,1.26023333333333,3.88016685623333,"UKESM_Low"
4,"RF35-CR",44,"4_44","APSIM","LRF",3.06178587,-1.4343551604,1.83333333333333,3.46076404293333,"UKESM_Low"
4,"RF35-CR",44,"4_44","Millennial","LRF",3.81163151655,-1.4343551604,15.0378444809373,17.4151208370873,"UKESM_Low"
4,"RF35-CR",44,"4_44","RothC","LRF",3.81163151655,-1.4343551604,1.53468333333334,3.91195968948334,"UKESM_Low"
4,"RR50-CR",51,"4_51","Millennial","LRF",3.86252026875,-1.6137029196,11.6941863131086,13.9430036622586,"UKESM_Low"
4,"RR50-CR",51,"4_51","RothC","LRF",3.86252026875,-1.6137029196,1.20651666666667,3.45533401581667,"UKESM_Low"
4,"RR25-CR",52,"4_52","Millennial","LRF",4.0668893265,-1.4260796892,12.4285563210043,15.0693659583043,"UKESM_Low"
4,"RR25-CR",52,"4_52","RothC","LRF",4.0668893265,-1.4260796892,0.981016666666667,3.62182630396667,"UKESM_Low"
4,"RR00-CR",53,"4_53","Millennial","LRF",4.3601799384,-1.1595035052,10.9541238943059,14.1548003275059,"UKESM_Low"
4,"RR00-CR",53,"4_53","RothC","LRF",4.3601799384,-1.1595035052,0.615633333333333,3.81630976653333,"UKESM_Low"
4,"RR50-NT-CR",54,"4_54","Millennial","LRF",3.4864810695,-4.575447468,12.5306987906401,11.4417323921401,"UKESM_Low"
4,"RR50-NT-CR",54,"4_54","RothC","LRF",3.4864810695,-4.575447468,0.126133333333336,-0.962833065166664,"UKESM_Low"
4,"RR25-NT-CR",55,"4_55","Millennial","LRF",3.71353620495,-4.3726069656,11.4672840346229,10.8082132739729,"UKESM_Low"
4,"RR25-NT-CR",55,"4_55","RothC","LRF",3.71353620495,-4.3726069656,0.0687499999999993,-0.590320760650001,"UKESM_Low"
4,"RR00-NT-CR",56,"4_56","Millennial","LRF",4.02480809445,-4.147993782,10.2804309896354,10.1572453020854,"UKESM_Low"
4,"RR00-NT-CR",56,"4_56","RothC","LRF",4.02480809445,-4.147993782,0.0249333333333338,-0.0982523542166647,"UKESM_Low"
4,"BC19-CR",61,"4_61","APSIM","LRF",3.02469024,NA,3.3,6.32469024,"UKESM_Low"
4,"BC38-CR",62,"4_62","APSIM","LRF",3.02219346,NA,5.86666666666667,8.88886012666667,"UKESM_Low"
4,"BC57-CR",63,"4_63","APSIM","LRF",3.01511496,NA,8.43333333333333,11.4484482933333,"UKESM_Low"
4,"BC76-CR",64,"4_64","APSIM","LRF",3.01251093,NA,11,14.01251093,"UKESM_Low"
4,"BC96-CR",65,"4_65","APSIM","LRF",2.97304722,NA,14.6666666666667,17.6397138866667,"UKESM_Low"
4,"CN",7,"4_7","APSIM","LRF",4.09558578,-2.1515315004,-1.1,0.844054279600001,"UKESM_Low"
4,"CN",7,"4_7","Millennial","LRF",3.9326080365,-2.1515315004,19.3760803624054,21.1571568985054,"UKESM_Low"
4,"CN",7,"4_7","RothC","LRF",3.9326080365,-2.1515315004,2.24913333333333,4.03020986943333,"UKESM_Low"
4,"CC-NT-CR",8,"4_8","APSIM","LRF",5.35476513,-4.14756873,0.366666666666665,1.57386306666667,"UKESM_Low"
4,"CC-NT-CR",8,"4_8","Millennial","LRF",4.6139161497,-4.14756873,9.71931361952613,10.1856610392261,"UKESM_Low"
4,"CC-NT-CR",8,"4_8","RothC","LRF",4.6139161497,-4.14756873,-0.168849999999997,0.297497419700003,"UKESM_Low"
5,"CC-CR",3,"5_3","APSIM","LRF",5.11576923,-1.0170660564,1.46666666666666,5.56536984026666,"UKESM_High"
5,"CC-CR",3,"5_3","Millennial","LRF",5.0120298657,-1.0170660564,0.354270799381375,4.34923460868137,"UKESM_High"
5,"CC-CR",3,"5_3","RothC","LRF",5.0120298657,-1.0170660564,-0.6281,3.3668638093,"UKESM_High"
5,"RF05-CR",41,"5_41","APSIM","LRF",4.10284875,-1.2232886508,2.56666666666667,5.44622676586667,"UKESM_High"
5,"RF05-CR",41,"5_41","Millennial","LRF",4.6058003277,-1.2232886508,13.8320391139861,17.2145507908861,"UKESM_High"
5,"RF05-CR",41,"5_41","RothC","LRF",4.6058003277,-1.2232886508,0.69135,4.0738616769,"UKESM_High"
5,"RF15-CR",42,"5_42","APSIM","LRF",3.8896143,-1.3052211516,2.93333333333333,5.51772648173333,"UKESM_High"
5,"RF15-CR",42,"5_42","Millennial","LRF",4.43957859345,-1.3052211516,14.5965978886871,17.7309553305371,"UKESM_High"
5,"RF15-CR",42,"5_42","RothC","LRF",4.43957859345,-1.3052211516,0.968183333333333,4.10254077518333,"UKESM_High"
5,"RF25-CR",43,"5_43","APSIM","LRF",3.66986334,-1.3920348096,2.93333333333333,5.21116186373333,"UKESM_High"
5,"RF25-CR",43,"5_43","Millennial","LRF",4.26619103625,-1.3920348096,15.3239677259097,18.1981239525597,"UKESM_High"
5,"RF25-CR",43,"5_43","RothC","LRF",4.26619103625,-1.3920348096,1.25473333333333,4.12888955998333,"UKESM_High"
5,"RF35-CR",44,"5_44","APSIM","LRF",3.46535904,-1.4833742688,3.3,5.2819847712,"UKESM_High"
5,"RF35-CR",44,"5_44","Millennial","LRF",4.09509318075,-1.4833742688,15.9668384379039,18.5785573498539,"UKESM_High"
5,"RF35-CR",44,"5_44","RothC","LRF",4.09509318075,-1.4833742688,1.55118333333333,4.16290224528333,"UKESM_High"
5,"RR50-CR",51,"5_51","Millennial","LRF",4.08073802565,-1.6621043652,7.03310375981693,9.45173742026693,"UKESM_High"
5,"RR50-CR",51,"5_51","RothC","LRF",4.08073802565,-1.6621043652,1.14106666666667,3.55970032711667,"UKESM_High"
5,"RR25-CR",52,"5_52","Millennial","LRF",4.3282432908,-1.472523426,10.7794931579661,13.6352130227661,"UKESM_High"
5,"RR25-CR",52,"5_52","RothC","LRF",4.3282432908,-1.472523426,0.91575,3.7714698648,"UKESM_High"
5,"RR00-CR",53,"5_53","Millennial","LRF",4.69013891775,-1.1834383716,13.4411658697188,16.9478664158688,"UKESM_High"
5,"RR00-CR",53,"5_53","RothC","LRF",4.69013891775,-1.1834383716,0.555316666666667,4.06201721281667,"UKESM_High"
5,"RR50-NT-CR",54,"5_54","Millennial","LRF",3.6994812426,-4.6623692664,12.1923548945931,11.2294668707931,"UKESM_High"
5,"RR50-NT-CR",54,"5_54","RothC","LRF",3.6994812426,-4.6623692664,0.138599999999999,-0.8242880238,"UKESM_High"
5,"RR25-NT-CR",55,"5_55","Millennial","LRF",3.96125517645,-4.4529203196,12.8649233578338,12.3732582146838,"UKESM_High"
5,"RR25-NT-CR",55,"5_55","RothC","LRF",3.96125517645,-4.4529203196,0.102299999999999,-0.38936514315,"UKESM_High"
5,"RR00-NT-CR",56,"5_56","Millennial","LRF",4.3382228175,-4.2132660624,12.8286306679226,12.9535874230226,"UKESM_High"
5,"RR00-NT-CR",56,"5_56","RothC","LRF",4.3382228175,-4.2132660624,0.0733333333333319,0.198290088433332,"UKESM_High"
5,"BC19-CR",61,"5_61","APSIM","LRF",2.94197046,NA,4.76666666666667,7.70863712666667,"UKESM_High"
5,"BC38-CR",62,"5_62","APSIM","LRF",2.94402108,NA,6.96666666666667,9.91068774666667,"UKESM_High"
5,"BC57-CR",63,"5_63","APSIM","LRF",2.90470752,NA,9.16666666666667,12.0713741866667,"UKESM_High"
5,"BC76-CR",64,"5_64","APSIM","LRF",2.86920348,NA,11.7333333333333,14.6025368133333,"UKESM_High"
5,"BC96-CR",65,"5_65","APSIM","LRF",2.86013871,NA,15.0333333333333,17.8934720433333,"UKESM_High"
5,"CN",7,"5_7","APSIM","LRF",4.1076321,-2.1782691216,1.1,3.0293629784,"UKESM_High"
5,"CN",7,"5_7","Millennial","LRF",3.9940111497,-2.1782691216,18.6967887441009,20.5125307722009,"UKESM_High"
5,"CN",7,"5_7","RothC","LRF",3.9940111497,-2.1782691216,2.26196666666667,4.07770869476667,"UKESM_High"
5,"CC-NT-CR",8,"5_8","APSIM","LRF",5.24884932,-4.2459168456,2.93333333333333,3.93626580773333,"UKESM_High"
5,"CC-NT-CR",8,"5_8","Millennial","LRF",4.64627765745,-4.2459168456,11.0007398407485,11.4011006525985,"UKESM_High"
5,"CC-NT-CR",8,"5_8","RothC","LRF",4.64627765745,-4.2459168456,0.0412499999999982,0.441610811849998,"UKESM_High"
