"year","month","Cinput_mon_Mgha","Manure_Mgha","Soil_covered","Calc_TAVG","PRCP","TM_OPE"
1940,1,0,0,0,1.14,5.8,0.6
1940,2,0,0,0,6.98,52.46,14.5
1940,3,0,0,0,12.64,0,50.6
1940,4,0,0,0,16.38,46.8,85.7
1940,5,0,0,0,20.74,44.2,145.5
1940,6,0,0,1,23.89,52.2,187.6
1940,7,0,0,1,28.11,0,-1268.4
1940,8,0,0,1,25.43,39.9,197.5
1940,9,0,0,1,23.15,18.5,146.6
1940,10,0,0,1,17.68,27.1,84.6
1940,11,0,0,0,9.05,59.7,22.5
1940,12,0,0,0,6.93,5.2,13.8
1941,1,0,0,0,6.28,14,14.1
1941,2,0,0,0,6.63,15.5,15.4
1941,3,0,0,0,8.42,90.5,28.2
1941,4,0,0,0,15.01,56.7,78.2
1941,5,0,0,0,20.29,322.3,144.2
1941,6,0.07478,0,1,23.22,104.9,181.2
1941,7,0.27097,0,1,25.16,93.5,208.2
1941,8,0.77906,0,1,25.31,46.9,197
1941,9,0.19631,0,1,21.68,113.5,133.7
1941,10,0.02858,0,1,16.74,149.7,80.8
1941,11,0.00618,0,0,10.23,4.3,30.9
1941,12,0,0,0,6.65,18.3,14.9
1942,1,0,0,0,4.06,1.1,6.7
1942,2,0,0,0,6.39,4.6,14.1
1942,3,0,0,0,10.82,12.9,41.8
1942,4,0,0,0,16.15,82.7,87.4
1942,5,0,0,0,20.65,8.8,147.7
1942,6,0.04491,0,1,25.18,44.1,206.6
1942,7,0.09482,0,1,25.39,65.6,211.1
1942,8,0.10035,0,1,24.41,126.3,185.4
1942,9,0.04883,0,1,19.59,193.4,112.6
1942,10,0.00483,0,1,15.09,86.2,67.6
1942,11,0.00132,0,0,12.55,0.3,42.6
1942,12,0,0,0,5.95,71.1,12.1
1943,1,0,0,0,5.48,1,9.8
1943,2,0,0,0,8.94,0.6,22.8
1943,3,0,0,0,10.2,6.3,35.4
1943,4,0,0,0,18.35,13.5,105.1
1943,5,0,0,0,20.02,68.9,137.5
1943,6,0.02174,0,1,25,60.1,203.3
1943,7,0.04553,0,1,25.97,80.6,218.8
1943,8,0.11963,0,1,27.94,0,-1181.7
1943,9,0.01381,0,1,21.93,29.5,133.9
1943,10,0.03761,0,1,15.55,2.6,68.3
1943,11,0.00873,0,0,8.94,15.7,22.5
1943,12,0,0,0,4.43,47.5,6.5
1944,1,0,0,0,5.05,32.5,8.8
1944,2,0,0,0,7.95,34.7,19
1944,3,0,0,0,10.84,27.7,40
1944,4,0,0,0,15.38,21.3,78.3
1944,5,0,0,0,20.37,77,142.4
1944,6,0.01022,0,1,25.98,44.4,217.3
1944,7,0.0193,0,1,26.01,74.5,219.4
1944,8,0.07703,0,1,26.24,60.3,208.7
1944,9,0.01518,0,1,21.42,94.7,129.1
1944,10,0.06223,0,1,16.61,20.3,77.2
1944,11,0.00022,0,0,10.23,43.8,28.9
1944,12,0,0,0,3.76,41.7,5.1
1945,1,0,0,0,5.1,17.4,9.2
1945,2,0,0,0,7.73,9.9,18.5
1945,3,0,0,0,12.78,2.5,53.7
1945,4,0,0,0,14.29,11.7,69.8
1945,5,0,0,0,22.42,11.7,168.2
1945,6,0.00466,0,1,25.42,9.1,209.5
1945,7,0.04174,0,1,24.99,78.2,205.2
1945,8,0.03402,0,1,25.68,55,201.3
1945,9,0.06346,0,1,22.27,56.4,138.3
1945,10,0.03474,0,1,14.02,57.4,58.5
1945,11,3e-04,0,0,10.02,6.9,28.3
1945,12,0,0,0,3.72,8.2,5.2
1946,1,0,0,0,3.47,29.9,4
1946,2,0,0,0,7.7,3.8,16.4
1946,3,0,0,0,12.47,19.4,48.1
1946,4,0,0,0,19.49,1.8,114.6
1946,5,0,0,0,19.9,37.9,134
1946,6,0.0658,0,1,25.26,69.1,206.4
1946,7,0.09472,0,1,27.12,14.7,-1226.7
1946,8,0.07185,0,1,26.79,90.2,216.4
1946,9,0.02438,0,1,21.31,91.2,125.9
1946,10,0.0484,0,1,17.13,118.7,78.8
1946,11,0.00076,0,0,9.9,11.2,25.4
1946,12,0,0,0,8.01,26.4,17
1947,1,0,0,0,3.94,20.9,5.7
1947,2,0,0,0,4.75,0,7.9
1947,3,0,0,0,8.58,23.5,26.9
1947,4,0,0,0,14.96,28.7,74.7
1947,5,0,0,0,19.83,153.3,136
1947,6,0.02172,0,1,26.22,14,220.7
1947,7,0.04094,0,1,27,23.6,-1221.7
1947,8,0.03749,0,1,25.91,2.5,204.3
1947,9,0.02456,0,1,23.61,0,152.4
1947,10,0.03436,0,1,19.55,18.8,101.9
1947,11,0.00754,0,0,7.08,35.1,15.4
1947,12,0,0,0,5.91,13,11
1948,1,0,0,0,2.33,2.9,2.1
1948,2,0,0,0,5.24,40.6,8.8
1948,3,0,0,0,8.65,5.6,26.1
1948,4,0,0,0,19.19,12.2,112.9
1948,5,0,0,0,21.58,48.5,155.9
1948,6,0.01629,0,1,26.46,34.6,224.1
1948,7,0.04214,0,1,27.01,31.1,-1222.2
1948,8,0.02809,0,1,26.53,7.9,212.7
1948,9,0.06623,0,1,22.14,27.4,135.6
1948,10,0.02302,0,1,15.85,24.7,70
1948,11,0.00237,0,0,8.58,0.5,20.5
1948,12,0,0,0,7.03,2.6,14.2
1949,1,0,0,0,0.23,97.9,0.1
1949,2,0,0,0,6.7,8.1,14.9
1949,3,0,0,0,11.81,19.8,47.7
1949,4,0,0,0,14.58,45.1,73
1949,5,0,0,0,20.49,176.6,145.1
1949,6,0.03204,0,1,24.44,117.4,196.4
1949,7,0.06922,0,1,26.94,62.8,232.9
1949,8,0.04421,0,1,25.12,59.9,194.2
1949,9,0.01538,0,1,21.19,115.1,127.7
1949,10,0.05394,0,1,15.18,25.9,67.6
1949,11,0.00162,0,0,12.56,0,42.1
1949,12,0,0,0,6.41,9.9,13.3
1950,1,0,0,0,6.96,5.8,16.6
1950,2,0,0,0,8.75,1.8,24.2
1950,3,0,0,0,10.61,0,41.2
1950,4,0,0,0,16.18,17.4,88.4
1950,5,0,0,0,20.5,68.3,146.6
1950,6,0.02932,0,1,25.41,19.6,209.9
1950,7,0.07703,0,1,24.29,67.9,196.6
1950,8,0.03733,0,1,23.84,35.5,178.6
1950,9,0.02657,0,1,19.64,57,113.7
1950,10,0.03574,0,1,16.69,7.3,80.5
1950,11,0.00096,0,0,8.4,0.8,22.4
1950,12,0,0,0,4.43,0.5,7.7
1951,1,0,0,0,3.46,7.9,4.3
1951,2,0,0,0,7.19,18.3,15.3
1951,3,0,0,0,9.31,29.3,29.7
1951,4,0,0,0,13.81,14,63.6
1951,5,0,0,0,20.35,66.3,140.8
1951,6,0.01698,0,1,25.64,48.5,212.2
1951,7,0.08393,0,1,28.46,48.7,-1283.4
1951,8,0.05935,0,1,26.77,99.8,216
1951,9,0.01728,0,1,23.19,12.7,147
1951,10,0.00578,0,1,17.92,16.2,86.6
1951,11,0.00495,0,0,8.64,3.3,20.8
1951,12,0,0,0,7.16,0,14.6
1952,1,0,0,0,8.07,29.4,17.9
1952,2,0,0,0,8.86,3.5,21.1
1952,3,0,0,0,10.27,0.5,34
1952,4,0,0,0,15.34,86.1,74.9
1952,5,0,0,0,21.34,44,151.7
1952,6,0.01297,0,1,27.5,44.7,-1232.7
1952,7,0.04025,0,1,25.6,84.2,213
1952,8,0.03891,0,1,28.59,29.8,-1207.9
1952,9,0.09522,0,1,21.83,22.9,131.4
1952,10,0.05258,0,1,16.04,0,70.1
1952,11,0.00467,0,0,8.36,18.8,18.8
1952,12,0,0,0,6.08,5.6,10.4
1953,1,0,0,0,9.54,8.9,23.2
1953,2,0,0,0,7.2,2.3,13.9
1953,3,0,0,0,14.15,24.7,58.8
1953,4,0,0,0,16.08,12.2,79.9
1953,5,0,0,0,20.3,21.6,137.4
1953,6,0.03764,0,1,28.96,11.4,-1295
1953,7,0.03339,0,1,27.07,32.2,-1224.6
1953,8,0.04899,0,1,25.28,56,194.8
1953,9,0.21649,0,1,22.6,2.1,138.9
1953,10,0.02064,0,1,16.21,102.1,70.1
1953,11,0.00576,0,0,9.85,3,24.2
1953,12,0,0,0,4.94,0,6.8
1954,1,0,0,0,6.31,0,11.5
1954,2,0,0,0,10.47,0,28.4
1954,3,0,0,0,9.69,0.6,30.7
1954,4,0,0,0,18.47,51.1,104.2
1954,5,0,0,0,17.99,135.4,112
1954,6,0.0192,0,1,25.83,9.9,214.7
1954,7,0.02899,0,1,28.09,9.1,-1267.5
1954,8,0.06233,0,1,25.6,42.7,199.6
1954,9,0.04684,0,1,22.97,0,143.8
1954,10,0.0285,0,1,16.74,78.3,75.6
1954,11,0.00089,0,0,10.65,0,28.9
1954,12,0,0,0,6.75,20.3,12.5
1955,1,0,0,0,4.54,16.6,7.8
1955,2,0,0,0,4.64,0,8.1
1955,3,0,0,0,10.52,0.5,39.3
1955,4,0,0,0,16.36,12.2,88.5
1955,5,0,0,0,19.87,54.1,137.9
1955,6,0.02102,0,1,23.41,28,182.8
1955,7,0.07,0,1,25.88,100.8,217.8
1955,8,0.03398,0,1,25.71,21.6,201.8
1955,9,0.08945,0,1,22.93,60.5,145.7
1955,10,0.03108,0,1,16.92,113.3,81
1955,11,0.00073,0,0,9.85,0,28
1955,12,0,0,0,6.88,0,15
1956,1,0,0,0,6.27,0,11.1
1956,2,0,0,0,4.88,37.6,7.1
1956,3,0,0,0,12.45,0,47.3
1956,4,0,0,0,15.38,9.7,74.5
1956,5,0,0,0,23.02,50.9,173.1
1956,6,0.01435,0,1,26.53,65,225.2
1956,7,0.01454,0,1,26.53,33,227
1956,8,0.09487,0,1,25.77,13.4,201.8
1956,9,0.10916,0,1,23.7,0.8,151.8
1956,10,0.00282,0,1,18.25,29,87.6
1956,11,0.00032,0,0,8.82,0,20.3
1956,12,0,0,0,8.06,6.6,16.8
1957,1,0,0,0,5.57,2.6,11.3
1957,2,0,0,0,10.56,21.4,32.4
1957,3,0,0,0,10.77,26.5,41.5
1957,4,0,0,0,14.18,63.7,70.5
1957,5,0,0,0,18.46,163.8,122.7
1957,6,0.0529,0,1,23.76,120.3,187.7
1957,7,0.08884,0,1,27.39,39.1,-1237.9
1957,8,0.05459,0,1,25.8,8.2,203.2
1957,9,0.07689,0,1,20.66,15,123
1957,10,0.01348,0,1,15.01,118.8,67
1957,11,0.00026,0,0,7.53,42,18.3
1957,12,0,0,0,8.18,1.3,20.5
1958,1,0,0,0,3.98,37.1,6.2
1958,2,0,0,0,5.18,14.7,9.7
1958,3,0,0,0,5.95,75.5,15.2
1958,4,0,0,0,13.89,57.7,67.3
1958,5,0,0,0,20.78,114.7,148.6
1958,6,0.01156,0,1,26.44,18.5,224
1958,7,0.03943,0,1,27.11,81,-1226.3
1958,8,0.08757,0,1,26.32,5.6,209.9
1958,9,0.04574,0,1,22.31,65.7,139.2
1958,10,0.01363,0,1,15.7,23.2,71.5
1958,11,0.00204,0,0,10.96,12.2,33.5
1958,12,0,0,0,5.85,0,11.5
1959,1,0,0,0,4.66,1,8.1
1959,2,0,0,0,6.61,4.1,14.6
1959,3,0,0,0,11.07,0,42.8
1959,4,0,0,0,15.33,29.4,79.4
1959,5,0,0,0,21.23,72.4,154
1959,6,0.00933,0,1,24.63,200,198.9
1959,7,0.03032,0,1,25.01,46.3,205.7
1959,8,0.05067,0,1,26.12,8.4,207.3
1959,9,0.1577,0,1,23.01,10.2,146.6
1959,10,0.03687,0,1,15.31,44.8,68.5
1959,11,0.01012,0,0,8.16,2,20.5
1959,12,0,0,0,7.08,43.7,15.8
1960,1,0,0,0,4.16,24.1,6.5
1960,2,0,0,0,3.4,23.6,4.6
1960,3,0,0,0,8.28,14.1,25.8
1960,4,0,0,0,16.97,4.6,93.3
1960,5,0.02194,0,0,20.81,33.2,148.3
1960,6,0.04102,0,1,26.12,112,219.4
1960,7,0.02193,0,1,25.36,189.4,210.4
1960,8,0.05003,0,1,25.85,0,203.6
1960,9,0.15561,0,1,22.96,7.4,145.7
1960,10,0.00336,0,1,17.64,30.5,86.2
1960,11,0,0,0,11.62,0,36.4
1960,12,0,0,0,3.42,41.6,4.5
1961,1,0,0,0,3.05,14.7,5
1961,2,0,0,0,6.34,40.7,15.8
1961,3,0,0,0,10.88,39.4,45.6
1961,4,0,0,0,16.09,3.8,90.7
1961,5,0.00256,0,0,21.3,47.7,158.5
1961,6,0.00531,0,1,23.18,93.2,182.4
1961,7,0.00337,0,1,24.02,129.1,194.4
1961,8,0.02558,0,1,23.85,21.7,180.2
1961,9,0.0141,0,1,20.65,11.9,125.6
1961,10,0.00561,0,1,16,16.5,77.8
1961,11,0,0,0,6.94,36.8,17.9
1961,12,0,0,0,4.55,3,9
1962,1,0,0,0,1.75,6.6,1.5
1962,2,0,0,0,8.87,0.5,23.4
1962,3,0,0,0,8.69,0,28
1962,4,0,0,0,15.88,39.6,83.4
1962,5,0.00047,0,0,23.57,0.5,183
1962,6,0.00586,0,1,23.64,53.6,185.4
1962,7,0.01698,0,1,25.78,90.9,216.3
1962,8,0.01712,0,1,24.98,36.5,192.1
1962,9,0.02891,0,1,20.93,113.9,124.6
1962,10,0.00101,0,1,16.85,60.5,79.8
1962,11,0,0,0,10.73,11.2,31.8
1962,12,0,0,0,6.35,31.7,12.8
1963,1,0,0,0,1.35,1,0.8
1963,2,0,0,0,6.69,17,13.5
1963,3,0,0,0,11.91,17,45.6
1963,4,0,0,0,18.46,20.9,105.5
1963,5,0.00121,0,0,21.5,95,154.9
1963,6,0.00572,0,1,24.31,81.2,193.4
1963,7,0.04798,0,1,27.25,6.9,-1232.1
1963,8,0.03802,0,1,25.64,43.9,200.4
1963,9,0.0128,0,1,22.11,58.2,135.3
1963,10,0.00426,0,1,18.43,14.8,91
1963,11,0,0,0,10.85,34.3,30.9
1963,12,0,0,0,3.5,6.7,4.2
1964,1,0,0,0,3.76,11.4,5.3
1964,2,0,0,0,3.18,13.8,4
1964,3,0,0,0,9.56,16.2,32.3
1964,4,0,0,0,16.37,2.8,87.1
1964,5,0.0022,0,0,21.83,42.4,160.2
1964,6,0.00292,0,1,24.82,127,201
1964,7,0.0136,0,1,27.78,20.8,-1254.3
1964,8,0.02565,0,1,26.6,29,213.6
1964,9,0.01826,0,1,21.62,62.7,131.1
1964,10,0.00629,0,1,16.72,7.6,78.1
1964,11,0,0,0,10.25,14.5,29
1964,12,0,0,0,6.01,22.8,11.4
1965,1,0,0,0,6.81,2.1,13.2
1965,2,0,0,0,4.64,8.9,6.7
1965,3,0,0,0,6.01,5.7,13.1
1965,4,0,0,0,17.55,10.5,95.1
1965,5,0.00202,0,0,21.71,41.5,156.4
1965,6,0.00604,0,1,25.24,36.6,206.1
1965,7,0.01994,0,1,27.58,54.4,-1245.9
1965,8,0.02046,0,1,25.53,15.6,198.6
1965,9,0.0178,0,1,22.73,144.4,141.2
1965,10,0.00169,0,1,17.5,27.1,81.9
1965,11,0,0,0,14.04,0.5,47.3
1965,12,0,0,0,8.32,12.7,18.2
1966,1,0,0,0,1.23,13.2,0.7
1966,2,0,0,0,4.73,1.5,7.4
1966,3,0,0,0,13.14,3.3,54.2
1966,4,0,0,0,15.79,77,80.4
1966,5,0.00124,0,0,20.99,17,148.6
1966,6,0.00313,0,1,25.85,57.6,215.2
1966,7,0.03414,0,1,29.66,14.5,-1336.6
1966,8,0.01724,0,1,24.85,224.9,189.8
1966,9,0.03698,0,1,21.96,55.4,133.7
1966,10,0.00178,0,1,16.08,0,71.7
1966,11,0,0,0,13.1,2.8,42.9
1966,12,0,0,0,3.34,0.8,3.9
1967,1,0,0,0,4.81,0,9.4
1967,2,0,0,0,5.24,3.7,10.8
1967,3,0,0,0,13.23,53.1,59.8
1967,4,0,0,0,17.8,24.2,104.1
1967,5,0.00199,0,0,18.89,87.6,129
1967,6,0.01309,0,1,23.99,202,191.5
1967,7,0.01358,0,1,24.97,83.6,205.9
1967,8,0.05191,0,1,23.79,18,178.4
1967,9,0.0114,0,1,20.28,25,120.4
1967,10,0.00645,0,1,15.8,11.5,74.2
1967,11,0,0,0,9.59,2.9,28.3
1967,12,0,0,0,2.65,13.4,3.4
1968,1,0,0,0,4.8,23.9,11.4
1968,2,0,0,0,3.61,20.9,7.5
1968,3,0,0,0,9.12,70.5,37.2
1968,4,0,0,0,12.9,14.8,67.4
1968,5,0.002,0,0,18.6,51.3,131.4
1968,6,0.00526,0,1,23.62,46,189.5
1968,7,0.02745,0,1,24.04,79.9,196.1
1968,8,0.01714,0,1,23.45,69.1,177
1968,9,0.02219,0,1,19.26,17.1,115.2
1968,10,0.00117,0,1,16.58,20.6,84.9
1968,11,0,0,0,8.1,67.9,24.8
1968,12,0,0,0,4.37,12.2,9.6
1969,1,0,0,0,7.17,0,16.7
1969,2,0,0,0,6.28,28.8,13.4
1969,3,0,0,0,5.28,45.1,12.4
1969,4,0,0,0,16.53,28.9,90.1
1969,5,0.00122,0,0,20.22,98.7,142
1969,6,0.00693,0,1,24.94,35.8,203.1
1969,7,0.01355,0,1,28.51,75.9,-1285.6
1969,8,0.03583,0,1,26.44,65.9,211.5
1969,9,0.00622,0,1,21.2,125.2,127.8
1969,10,0.00067,0,1,13.58,197.2,56.1
1969,11,0,0,0,9.19,19.6,25
1969,12,0,0,0,6.16,20.8,12.5
1970,1,0,0,0,3.01,0,4.2
1970,2,0,0,0,7.5,2.9,18.8
1970,3,0,0,0,7.9,54.5,25.4
1970,4,0,0,0,14.73,6.6,75.8
1970,5,0.00291,0,0,20.36,109.2,145
1970,6,0.01005,0,1,24.27,34.6,194.8
1970,7,0.0344,0,1,27.12,0,-1226.7
1970,8,0.01761,0,1,26.13,30.1,207.5
1970,9,0.00913,0,1,21.92,45.8,136.1
1970,10,0.00077,0,1,13.69,34.1,58.2
1970,11,0,0,0,9.26,1.3,26.2
1970,12,0,0,0,7.27,2,17.2
1971,1,0,0,0,5.21,0,9.8
1971,2,0,0,0,5.95,20.7,12.2
1971,3,0,0,0,10.56,5.3,39.5
1971,4,0,0,0,15.37,34.6,79.7
1971,5,0.00215,0,0,20.45,62,144.7
1971,6,0.00784,0,1,25.75,57.2,214.3
1971,7,0.01567,0,1,26.68,19.3,229.2
1971,8,0.03537,0,1,23.01,105.4,167.7
1971,9,0.00439,0,1,21.31,132.6,128.9
1971,10,0.00657,0,1,16.62,45.5,78.6
1971,11,0,0,0,10.46,10.9,31
1971,12,0,0,0,6.47,20.7,13.6
1972,1,0,0,0,5.16,4.1,10.2
1972,2,0,0,0,7.72,3.3,19.7
1972,3,0,0,0,13.5,0,61
1972,4,0,0,0,18.71,8.9,112.1
1972,5,0.00224,0,0,19.63,81.3,136.6
1972,6,0.00314,0,1,24.94,136.4,203.6
1972,7,0.00402,0,1,24.74,113.7,202.6
1972,8,0.01645,0,1,23.5,137.2,174.5
1972,9,0.0027,0,1,21.64,74.9,133.3
1972,10,0.0108,0,1,15.34,44.4,70.1
1972,11,0,0,0,5.76,24.7,12.1
1972,12,0,0,0,3.31,8.1,4.8
1973,1,0,0,0,1.58,36.6,1.5
1973,2,0,0,0,4.54,32,8.3
1973,3,0,0,0,10.75,48.3,42.1
1973,4,0,0,0,12.81,35.7,60.4
1973,5,0.00061,0,0,19.89,11,139.5
1973,6,0.00215,0,1,24.94,8.1,203.6
1973,7,0.01277,0,1,25.14,105.7,207.9
1973,8,0.0082,0,1,25.36,9.1,197.6
1973,9,0.01232,0,1,21.28,18.5,129.7
1973,10,0.00625,0,1,17.72,22.7,88.7
1973,11,0,0,0,11.93,0,39.7
1973,12,0,0,0,5.64,0,11.4
1974,1,0,0,0,5.18,2,9.2
1974,2,0,0,0,7.53,0.3,17.3
1974,3,0,0,0,14.73,39.6,67.5
1974,4,0,0,0,17.27,20.8,95.4
1974,5,0.0027,0,0,23.9,31.3,187
1974,6,0.02347,0,1,25.86,28.2,215.6
1974,7,0.02528,0,1,26.99,56.5,233.7
1974,8,0.01592,0,1,23.55,130.7,173.6
1974,9,0.00467,0,1,17.74,168.2,93.6
1974,10,0.00295,0,1,15.5,98.9,68.6
1974,11,0,0,0,8.92,22.7,22.8
1974,12,0,0,0,4.74,11.1,7.6
1975,1,0,0,0,4.88,10.3,9.9
1975,2,0,0,0,5.01,38.9,10.3
1975,3,0,0,0,9.72,1.1,36.9
1975,4,0,0,0,14.84,11.6,78.3
1975,5,0.00459,0,0,19.79,69.8,139.8
1975,6,0.01176,0,1,25.21,45.8,207.7
1975,7,0.01539,0,1,24.1,109.7,194.8
1975,8,0.01133,0,1,25.26,56,196.7
1975,9,0.00555,0,1,19.67,66.3,115.2
1975,10,0.00529,0,1,16.91,1.6,83.5
1975,11,0,0,0,10.13,30,31.4
1975,12,0,0,0,6,8.7,13.3
1976,1,0,0,0,4.23,0,7.9
1976,2,0,0,0,10.64,0.8,34.4
1976,3,0,0,0,11.17,6.1,46.1
1976,4,0,0,0,16.86,44.8,96.1
1976,5,0.00229,0,0,18.87,30.1,129.6
1976,6,0.0056,0,1,25.02,62.5,205.2
1976,7,0.01476,0,1,23.88,182.9,191.9
1976,8,0.01219,0,1,25.49,50.6,199.6
1976,9,0.01934,0,1,21.09,83.4,128.8
1976,10,0.00656,0,1,12.25,35.2,49.8
1976,11,0,0,0,5.88,14.2,13.2
1976,12,0,0,0,4.56,0.3,8.5
1977,1,0,0,0,1.36,6.1,0.7
1977,2,0,0,0,7.87,9.7,16.7
1977,3,0,0,0,11.07,20.8,38.3
1977,4,0,0,0,15.75,73.7,77.7
1977,5,0.0022,0,0,22.13,62.5,161.3
1977,6,0.0129,0,1,26.27,57.9,221.2
1977,7,0.02025,0,1,26.84,28.7,231.7
1977,8,0.00929,0,1,26.36,109.6,210.2
1977,9,0.00236,0,1,25.24,12.4,169.9
1977,10,0.0092,0,1,17.37,28.2,80.2
1977,11,0,0,0,11.25,0.6,31.4
1977,12,0,0,0,7.21,0.3,13.8
1978,1,0,0,0,0.02,15.1,0
1978,2,0,0,0,1.04,35.6,0.6
1978,3,0,0,0,10.9,5.9,40.4
1978,4,0,0,0,18.39,5.3,106.2
1978,5,0.00262,0,0,21.14,81.3,151.7
1978,6,0.01728,0,1,26.1,49,219
1978,7,0.0307,0,1,28.24,3.8,-1273.9
1978,8,0.01022,0,1,25.65,8.6,200.8
1978,9,0.00488,0,1,22.21,83.6,137.3
1978,10,0.00192,0,1,16.7,27,77.9
1978,11,0,0,0,9.94,28.2,27.5
1978,12,0,0,0,3.35,4.4,4.2
1979,1,0,0,0,-0.15,8.5,0
1979,2,0,0,0,5.49,21.6,10.1
1979,3,0,0,0,11.58,75,44.8
1979,4,0,0,0,16.52,29.8,88.4
1979,5,0.00255,0,0,20.66,101.6,145.8
1979,6,0.00648,0,1,24.85,93.7,201.4
1979,7,0.03526,0,1,27.65,46.7,-1248.8
1979,8,0.01593,0,1,25.22,96.7,195.1
1979,9,0.00393,0,1,22.88,5.4,144.4
1979,10,0.00103,0,1,18.09,15,89.3
1979,11,0,0,0,7.6,2.3,17.4
1979,12,0,0,0,5.81,32.8,10.7
1980,1,0,0,0,4.61,13.8,6.6
1980,2,0,0,0,6.84,9.7,13.3
1980,3,0,0,0,10.44,4.9,35.1
1980,4,0,0,0,15.01,28.8,72
1980,5,0.00143,0,0,20.4,87.8,140
1980,6,0.0058,0,1,28.38,45.2,-1269.9
1980,7,0.01678,0,1,29.05,5.1,-1309.3
1980,8,0.01575,0,1,26.99,41.8,219.3
1980,9,0.02641,0,1,22.8,90.3,142
1980,10,0.01,0,1,15.65,4.8,67.1
1980,11,0,0,0,7.74,58.3,16.4
1980,12,0,0,0,7.61,13,15.5
1981,1,0,0,0,5.38,8.1,9.2
1981,2,0,0,0,7.04,17,14.7
1981,3,0,0,0,10.68,30.3,37.7
1981,4,0,0,0,17.78,52.1,98.8
1981,5,0.00601,0,0,20.05,31.9,137.2
1981,6,0.01828,0,1,26.44,20,223.8
1981,7,0.007,0,1,27.61,85.3,-1247.1
1981,8,0.01287,0,1,24.55,137.5,185.8
1981,9,0.042,0,1,21.36,45.2,127.4
1981,10,0.00097,0,1,15.35,135.6,66.2
1981,11,0,0,0,11.84,16.3,36
1981,12,0,0,0,6.63,5.1,12.8
1982,1,0,0,0,4.27,1.3,7
1982,2,0,0,0,5.74,9.8,11.5
1982,3,0,0,0,12.04,11.1,49.2
1982,4,0,0,0,15.13,64.3,77.7
1982,5,0.00279,0,0,19.9,115.3,138.2
1982,6,0.01168,0,1,23.07,126.7,178.4
1982,7,0.00894,0,1,26.72,52.8,229.7
1982,8,0.01828,0,1,27.22,27.4,-1153.3
1982,9,0.01397,0,1,23.55,32.7,152.4
1982,10,0.00795,0,1,15.85,12.2,72.6
1982,11,0,0,0,9.22,29.9,25.1
1982,12,0,0,0,3.47,49.6,4.8
1983,1,0,0,0,0.27,69.9,0.1
1983,2,0,0,0,6.02,8.2,12.8
1983,3,0,0,0,10.52,14,39.9
1983,4,0,0,0,12.64,19.6,58.3
1983,5,0.00291,0,0,18.8,31.2,126.5
1983,6,0.00779,0,1,23.36,45.5,182.5
1983,7,0.02,0,1,27,10.4,-1221.7
1983,8,0.00937,0,1,26.9,8.2,217.7
1983,9,0.02175,0,1,23.68,10,154.1
1983,10,0.00352,0,1,17.53,274.4,86.5
1983,11,0,0,0,11.35,13.7,36
1983,12,0,0,0,-0.16,9.2,0
1984,1,0,0,0,3.25,0.8,4.6
1984,1,0,0,0,2.72,2.03,3.2
1984,2,0,0,0,7.36,4.3,17.8
1984,2,0,0,0,7.51,4.06,17.6
1984,3,0,0,0,9.67,5.9,34.7
1984,3,0,0,0,10.09,5.58,36
1984,4,0,0,0,14.43,5.9,72.6
1984,4,0,0,0,14.63,3.81,72.7
1984,5,0.00208,0,0,21.78,11.5,161.3
1984,5,0.00208,0,0,21.51,27.42,156.8
1984,6,0.00563,0,1,24.9,109.9,202.8
1984,6,0.00563,0,1,25.34,158.99,208.4
1984,7,0.00341,0,1,25.7,13.5,215.4
1984,7,0.00341,0,1,26.71,38.35,229.6
1984,8,0.0244,0,1,25.64,94.4,201.1
1984,8,0.0244,0,1,26.33,81.02,210
1984,9,0.02597,0,1,20.74,3.8,123.8
1984,9,0.02597,0,1,21.18,21.85,127.1
1984,10,0.00052,0,1,15.28,44.2,69
1984,10,0.00052,0,1,15.35,56.12,68.2
1984,11,0,0,0,9.68,47.5,27.7
1984,11,0,0,0,9.96,49.27,28.1
1984,12,0,0,0,6.62,29.9,14.4
1984,12,0,0,0,6.83,40.14,14.5
1985,1,0,0,0,1.99,9.8,1.9
1985,1,0,0,0,1.86,9.9,1.5
1985,2,0,0,0,5.45,6.9,10.3
1985,2,0,0,0,5.19,7.37,8.9
1985,3,0,0,0,11.29,30.2,43.5
1985,3,0,0,0,12.42,39.63,49.8
1985,4,0,0,0,17.23,12.2,95.8
1985,4,0,0,0,17.55,21.08,97.3
1985,5,0.00334,0,0,21.1,75.4,151.8
1985,5,0.00334,0,0,21.55,84.6,156.1
1985,6,0.0138,0,1,24.14,114.7,192
1985,6,0.0138,0,1,24.5,141.21,196.3
1985,7,0.02355,0,1,26.47,99.9,226.1
1985,7,0.02355,0,1,26.87,67.05,232
1985,8,0.01074,0,1,27.47,16,-1163.1
1985,8,0.01074,0,1,27.37,30.72,-1159.1
1985,9,0.01097,0,1,21.87,120.2,134.2
1985,9,0.01097,0,1,22.18,111.76,136.5
1985,10,0.00183,0,1,16.21,91.5,74.7
1985,10,0.00183,0,1,16.41,112.51,75
1985,11,0,0,0,9.89,6.9,27.7
1985,11,0,0,0,9.96,6.33,27.1
1985,12,0,0,0,3.29,4.6,4.2
1985,12,0,0,0,3.82,7.86,5.1
1986,1,0,0,0,6.87,0,14.1
1986,1,0,0,0,7.42,0,15.8
1986,2,0,0,0,7.54,23.9,16.6
1986,2,0,0,0,8.14,20.05,18.5
1986,3,0,0,0,13.61,9.9,57.6
1986,3,0,0,0,13.65,6.36,57.2
1986,4,0,0,0,17.86,18.3,99.6
1986,4,0,0,0,17.68,26.16,97.1
1986,5,0.00081,0,0,21.02,46.3,148.9
1986,5,0.00081,0,0,20.45,55.88,141.3
1986,6,0.00873,0,1,24.39,125,194.5
1986,6,0.00873,0,1,24.63,117.61,197.6
1986,7,0.01654,0,1,27.69,35.8,-1250.5
1986,7,0.01654,0,1,27.4,42.17,-1238.3
1986,8,0.03637,0,1,25.35,91.7,196.5
1986,8,0.03637,0,1,25.74,108.2,201.6
1986,9,0.01015,0,1,21.93,175.5,133.4
1986,9,0.01015,0,1,22.66,133.6,140.8
1986,10,0.00406,0,1,15.35,73.4,66.2
1986,10,0.00406,0,1,15.53,95.25,66.9
1986,11,0,0,0,8.32,44,19.5
1986,11,0,0,0,8.44,51.05,19.5
1986,12,0,0,0,4.71,32.9,7
1986,12,0,0,0,4.95,37.59,7.5
1987,1,0,0,0,3.45,13.8,5.1
1987,1,0,0,0,4.04,12.19,6.6
1987,2,0,0,0,7.18,37.3,17.1
1987,2,0,0,0,7.52,42.41,18.5
1987,3,0,0,0,8.93,10.5,30.5
1987,3,0,0,0,9.27,10.93,32.4
1987,4,0,0,0,14.93,2.3,76.8
1987,4,0,0,0,14.91,5.08,76.6
1987,5,0.00097,0,0,20.41,83.9,144.9
1987,5,0.00097,0,0,20.19,109.98,142.3
1987,6,0.00449,0,1,24.5,61,197.5
1987,6,0.00449,0,1,24.04,42.16,191.4
1987,7,0.01143,0,1,26.38,109.1,224.9
1987,7,0.01143,0,1,26.25,100.08,223.1
1987,8,0.01875,0,1,26.32,42.7,210
1987,8,0.01875,0,1,26.24,73.4,208.9
1987,9,0.03892,0,1,21.61,68,132.5
1987,9,0.03892,0,1,21.67,51.06,133.1
1987,10,0.00708,0,1,17.25,19.6,84.3
1987,10,0.00708,0,1,17.05,17.26,82.7
1987,11,0,0,0,9.89,2.9,28.7
1987,11,0,0,0,10.05,3.3,29.5
1987,12,0,0,0,4.19,27.7,6.8
1987,12,0,0,0,4.8,34.55,8.5
1988,1,0,0,0,2.4,5.7,2.6
1988,1,0,0,0,2.71,6.09,3.2
1988,2,0,0,0,5.97,11.5,12
1988,2,0,0,0,6.41,15.24,13.5
1988,3,0,0,0,10.06,20.2,35.8
1988,3,0,0,0,10.52,14.22,38.7
1988,4,0,0,0,15.5,27.5,80.1
1988,4,0,0,0,15.37,30.47,79
1988,5,0.00486,0,0,20.47,67.1,144.2
1988,5,0.00486,0,0,20.25,84.31,141.6
1988,6,0.00948,0,1,25.53,26.2,211.1
1988,6,0.00948,0,1,24.93,41.66,202.8
1988,7,0.00522,0,1,26.28,74.5,223.4
1988,7,0.00522,0,1,25.97,88.63,219
1988,8,0.01184,0,1,26.45,23.3,211.6
1988,8,0.01184,0,1,26.3,25.13,209.6
1988,9,0.03666,0,1,21.89,58.1,134.4
1988,9,0.03666,0,1,22,103.88,135.5
1988,10,0.00077,0,1,17.15,0.5,82.2
1988,10,0.00077,0,1,16.84,0,79.7
1988,11,0,0,0,11.07,4.8,33.5
1988,11,0,0,0,11.34,3.55,34.9
1988,12,0,0,0,5.51,14.2,10.1
1988,12,0,0,0,5.78,12.69,10.9
1989,1,0,0,0,7.03,12.7,14.7
1989,1,0,0,0,6.46,20.57,13.7
1989,2,0,0,0,3.54,26.4,4.4
1989,2,0,0,0,3.62,28.44,5.1
1989,3,0,0,0,12.51,17.9,49.7
1989,3,0,0,0,12.15,24.13,49.3
1989,4,0,0,0,18.19,1.1,102.8
1989,4,0,0,0,17.42,2.79,97.6
1989,5,0.00224,0,0,22.8,9.9,171.6
1989,5,0.00224,0,0,21.88,40.14,161.4
1989,6,0.00468,0,1,23.59,126.5,183.5
1989,6,0.00468,0,1,23.44,123.2,182.7
1989,7,0.00305,0,1,27.42,6.6,-1239.2
1989,7,0.00305,0,1,26.34,21.59,224.3
1989,8,0.02309,0,1,26.13,77.5,207.1
1989,8,0.02309,0,1,25.3,90.93,196.3
1989,9,0.01254,0,1,20.56,95,119.2
1989,9,0.01254,0,1,20.74,98.56,122.7
1989,10,0.00503,0,1,17.79,0,85.5
1989,10,0.00503,0,1,17.22,0,82.7
1989,11,0,0,0,10.57,0,29.5
1989,11,0,0,0,10.88,0,32.6
1989,12,0,0,0,1.84,8.1,1.4
1989,12,0,0,0,2.05,5.58,1.9
1990,1,0,0,0,6.2,9.5,11.2
1990,1,0,0,0,6.6,20.06,13.2
1990,2,0,0,0,8.25,54.3,18.6
1990,2,0,0,0,7.83,54.36,17.7
1990,3,0,0,0,10.92,22.2,38
1990,3,0,0,0,11.11,25.39,40.4
1990,4,0,0,0,16.44,36.7,84.7
1990,4,0,0,0,15.66,29.2,79.2
1990,5,0.00085,0,0,20.82,29.3,145.2
1990,5,0.00085,0,0,20.24,28.2,139.4
1990,6,0.00951,0,1,29.11,0,-1301.6
1990,6,0.00951,0,1,28.11,13.2,-1258.4
1990,7,0.02131,0,1,25.35,79.5,209.3
1990,7,0.02131,0,1,25.43,53.85,210.8
1990,8,0.0198,0,1,25.76,47.7,201.8
1990,8,0.0198,0,1,25.49,54.84,198.4
1990,9,0.01731,0,1,23.14,31.7,145.7
1990,9,0.01731,0,1,23.04,40.13,145.4
1990,10,0.00158,0,1,16.44,48.5,73.3
1990,10,0.00158,0,1,16.35,12.95,73.8
1990,11,0,0,0,11.75,32.8,34.4
1990,11,0,0,0,11.71,35.56,35.3
1990,12,0,0,0,3.83,10.7,4.6
1990,12,0,0,0,3.91,11.17,5.1
1991,1,0,0,0,3.2,29.2,3.9
1991,1,0,0,0,3.33,39.87,4.2
1991,2,0,0,0,9.41,13.8,24.9
1991,2,0,0,0,9.42,12.95,24.9
1991,3,0,0,0,12.2,2.1,48.3
1991,3,0,0,0,12.14,4.57,47.9
1991,4,0,0,0,17.64,1.8,98.2
1991,4,0,0,0,17.04,2.79,92.5
1991,5,0.00108,0,0,23.13,47.5,176.4
1991,5,0.00108,0,0,22.26,52.09,165.1
1991,6,0.00483,0,1,25.33,130.8,207.9
1991,6,0.00483,0,1,25.24,106.42,206.6
1991,7,0.04188,0,1,26.43,54.4,225.5
1991,7,0.04188,0,1,26.14,55.89,221.2
1991,8,0.03328,0,1,25.49,60.8,198.5
1991,8,0.03328,0,1,25.4,62.47,197.3
1991,9,0.01121,0,1,20.01,172,114.3
1991,9,0.01121,0,1,20.55,153.93,119.7
1991,10,0.00373,0,1,16.76,14.6,77.7
1991,10,0.00373,0,1,16.78,19.81,77.9
1991,11,0,0,0,7.34,27.2,16
1991,11,0,0,0,7.58,36.07,16.9
1991,12,0,0,0,6.17,56.9,11.6
1991,12,0,0,0,6.29,72.38,12
1992,1,0,0,0,4.18,33.5,6.1
1992,1,0,0,0,5.05,36.83,9.3
1992,2,0,0,0,9.24,51,24.1
1992,2,0,0,0,9.09,36.57,24.8
1992,3,0,0,0,12.8,34.6,52.4
1992,3,0,0,0,12.44,28.7,52
1992,4,0,0,0,16.87,32.1,90.9
1992,4,0,0,0,16.57,41.4,90.4
1992,5,0.00211,0,0,19.56,133.3,132.1
1992,5,0.00211,0,0,19.09,124.47,129
1992,6,0.00284,0,1,24.22,112,192.5
1992,6,0.00284,0,1,23.78,95.02,187.6
1992,7,0.01372,0,1,27.07,43.4,-1224.6
1992,7,0.01372,0,1,26.17,53.08,221.9
1992,8,0.02576,0,1,24.74,39.6,188.5
1992,8,0.02576,0,1,24.27,38.35,183.3
1992,9,0.01647,0,1,22.93,17.5,144.6
1992,9,0.01647,0,1,22.75,26.66,143.8
1992,10,0.0051,0,1,17.94,0,87.4
1992,10,0.0051,0,1,17.51,0,85.7
1992,11,0,0,0,7.96,37.3,18.4
1992,11,0,0,0,7.4,43.68,17.4
1992,12,0,0,0,5.36,34.7,9.1
1992,12,0,0,0,4.86,19.3,8.4
1993,1,0,0,0,4.07,26.2,6.1
1993,1,0,0,0,3.74,31.73,5.8
1993,2,0,0,0,5.66,9.9,10.6
1993,2,0,0,0,5.6,17.79,11.4
1993,3,0,0,0,10.61,9.5,38.6
1993,3,0,0,0,10.47,11.43,39.6
1993,4,0,0,0,15.74,29.5,81.4
1993,4,0,0,0,15.07,30.99,77.9
1993,5,0.00227,0,0,20.73,52.3,146.7
1993,5,0.00227,0,0,19.76,40.64,137.3
1993,6,0.00642,0,1,25.76,96.1,214.2
1993,6,0.00642,0,1,24.84,42.93,202
1993,7,0.02174,0,1,27.9,20.8,-1259.4
1993,7,0.02174,0,1,27.76,32.26,-1253.5
1993,8,0.02018,0,1,26.6,45.3,213.6
1993,8,0.02018,0,1,26.22,34.04,208.6
1993,9,0.01576,0,1,22.21,6.2,137.3
1993,9,0.01576,0,1,21.62,9.39,132.6
1993,10,0.00181,0,1,15.18,12.5,66.2
1993,10,0.00181,0,1,14.95,8.64,66.5
1993,11,0,0,0,7.5,7.7,17
1993,11,0,0,0,7.67,6.85,18.9
1993,12,0,0,0,6.19,8.4,12
1993,12,0,0,0,6.2,9.4,12.9
1994,1,0,0,0,4.77,10,6.6
1994,1,0,0,0,4.58,8.12,6.7
1994,2,0,0,0,6.62,4.5,11.9
1994,2,0,0,0,6.14,4.56,11.3
1994,3,0,0,0,11.71,4.3,41.7
1994,3,0,0,0,11.83,3.8,44.4
1994,4,0,0,0,16.14,73.6,80.5
1994,4,0,0,0,15.62,74.92,78.1
1994,5,0.00178,0,0,20.79,105.3,143.5
1994,5,0.00178,0,0,20.28,135.14,139.2
1994,6,0.00439,0,1,28.12,12.2,-1258.8
1994,6,0.00439,0,1,27.38,12.45,-1227.7
1994,7,0.03875,0,1,27.83,52.7,-1256.4
1994,7,0.03875,0,1,27.13,33.28,-1227.1
1994,8,0.02001,0,1,27.04,5.2,-1146.3
1994,8,0.02001,0,1,26.66,15.23,214.5
1994,9,0.02573,0,1,22.92,28,142.5
1994,9,0.02573,0,1,22.25,46.73,136.4
1994,10,0.00183,0,1,17.12,16.3,77.5
1994,10,0.00183,0,1,16.75,19.05,76.4
1994,11,0,0,0,11.11,17.8,30.2
1994,11,0,0,0,10.55,20.82,28.9
1994,12,0,0,0,7.37,3.9,14
1994,12,0,0,0,7.28,4.06,14.7
1995,1,0,0,0,5.75,11.5,10.3
1995,1,0,0,0,5.8,11.93,11.1
1995,2,0,0,0,8.91,4.1,22.2
1995,2,0,0,0,9.04,4.31,23.7
1995,3,0,0,0,10.96,13.1,39.5
1995,3,0,0,0,10.76,15.48,39.5
1995,4,0,0,0,15.85,19.8,80.9
1995,4,0,0,0,14.75,21.33,72.9
1995,5,0.00193,0,0,20.07,58.6,137.4
1995,5,0.00193,0,0,19.18,97.02,128.5
1995,6,0.01172,0,1,24.94,59.2,202.2
1995,6,0.01172,0,1,23.59,49.27,184.3
1995,7,0.01331,0,1,28.2,23.6,-1272.2
1995,7,0.01331,0,1,27.22,21.32,-1230.8
1995,8,0.04731,0,1,26.68,53.8,214.8
1995,8,0.04731,0,1,27.1,40.88,-1148.6
1995,9,0.01047,0,1,20.88,207.5,122.5
1995,9,0.01047,0,1,21.7,183.63,131.9
1995,10,0.00614,0,1,16.31,13.2,73.5
1995,10,0.00614,0,1,16.84,12.7,79
1995,11,0,0,0,10.82,0,30.7
1995,11,0,0,0,11,3.56,32.7
1995,12,0,0,0,5.85,11.9,10.3
1995,12,0,0,0,5.78,10.66,10.6
1996,1,0,0,0,4.15,4.9,6.1
1996,1,0,0,0,4.26,8.13,6.3
1996,2,0,0,0,8.18,1.6,19.5
1996,2,0,0,0,8.39,1.27,20.4
1996,3,0,0,0,8.92,2.3,28.1
1996,3,0,0,0,8.87,1.77,27.9
1996,4,0,0,0,16.15,2.8,84.3
1996,4,0,0,0,15.73,4.32,80.6
1996,5,0.00191,0,0,24.84,70.1,199.4
1996,5,0.00191,0,0,24.06,62.48,188.8
1996,6,0.00497,0,1,25.92,71.3,216.3
1996,6,0.00497,0,1,25.84,96.51,215.2
1996,7,0.02603,0,1,26.61,56.8,228.1
1996,7,0.02603,0,1,27.15,52.83,-1227.9
1996,8,0.0163,0,1,24.86,114.9,190.1
1996,8,0.0163,0,1,25.17,154.45,194.2
1996,9,0.02111,0,1,20.43,16.1,118.5
1996,9,0.02111,0,1,20.8,27.15,122.2
1996,10,0.00111,0,1,15.88,8.4,70.8
1996,10,0.00111,0,1,16.11,15.5,72.6
1996,11,0,0,0,9.66,9.5,25.7
1996,11,0,0,0,9.65,16.76,25.7
1996,12,0,0,0,6.64,0.5,13.1
1996,12,0,0,0,6.59,0.25,13
1997,1,0,0,0,3.41,7.3,5.4
1997,1,0,0,0,3.77,12.95,5.9
1997,2,0,0,0,5.11,33.1,10.3
1997,2,0,0,0,5.95,34.03,12.6
1997,3,0,0,0,12.08,0.8,51.6
1997,3,0,0,0,12.21,1.27,51.1
1997,4,0,0,0,12.13,147.1,56
1997,4,0,0,0,12.55,130.56,57.6
1997,5,0.00122,0,0,19.37,69.3,134.4
1997,5,0.00122,0,0,19.47,88.37,134
1997,6,0.00657,0,1,23.61,89,186.6
1997,6,0.00657,0,1,24.07,77.74,191.8
1997,7,0.01359,0,1,26.99,52.4,233.5
1997,7,0.01359,0,1,27.08,48.26,-1225
1997,8,0.03596,0,1,26.05,39.2,206.6
1997,8,0.03596,0,1,26.06,63.75,206.5
1997,9,0.00624,0,1,23.65,49.7,154.4
1997,9,0.00624,0,1,24.01,39.62,157.7
1997,10,0.00067,0,1,15.82,28.8,74.4
1997,10,0.00067,0,1,16.48,31.75,78.1
1997,11,0,0,0,7.52,15.3,19.1
1997,11,0,0,0,8.36,17.51,21.7
1997,12,0,0,0,2.77,44.6,3.7
1997,12,0,0,0,3.52,45.97,5.1
1998,1,0,0,0,6.66,0,12.1
1998,1,0,0,0,6.49,0,11.2
1998,2,0,0,0,6.41,47.3,11.3
1998,2,0,0,0,7.31,46.72,13.9
1998,3,0,0,0,8.81,33.8,24.9
1998,3,0,0,0,9.35,39.61,27.2
1998,4,0,0,0,14.07,10.2,62.7
1998,4,0,0,0,14.35,10.67,64.2
1998,5,0.00293,0,0,23.46,1,178.7
1998,5,0.00293,0,0,23.22,5.84,174.9
1998,6,0.01014,0,1,27.5,33.3,-1232.7
1998,6,0.01014,0,1,27,22.35,-1212.1
1998,7,0.03329,0,1,28.87,5.9,-1301.4
1998,7,0.03329,0,1,28.79,10.93,-1297.8
1998,8,0.01769,0,1,24.97,108.2,190.5
1998,8,0.01769,0,1,26.34,100.85,209.9
1998,9,0.00915,0,1,24.6,0.5,162
1998,9,0.00915,0,1,25.2,8.38,169.1
1998,10,0.00077,0,1,17.88,77.5,83.8
1998,10,0.00077,0,1,17.62,92.44,81
1998,11,0,0,0,11.35,7.4,31.4
1998,11,0,0,0,11.54,10.41,31.8
1998,12,0,0,0,5.05,6.6,7
1998,12,0,0,0,5.33,9.14,7.5
1999,1,0,0,0,6.41,34.3,12.8
1999,1,0,0,0,6.53,41.66,12.3
1999,2,0,0,0,10.14,0,28.3
1999,2,0,0,0,10.37,0,27.9
1999,3,0,0,0,10.02,26.3,34.4
1999,3,0,0,0,10.54,31.24,35.7
1999,4,0,0,0,15.43,90.6,78
1999,4,0,0,0,15.47,78.49,76
1999,5,0.00213,0,0,19.51,85.8,131.5
1999,5,0.00213,0,0,20.01,89.4,135.3
1999,6,0.00766,0,1,24.13,114.7,191.2
1999,6,0.00766,0,1,24.38,118.11,193.7
1999,7,0.01549,0,1,26.96,20.1,233.3
1999,7,0.01549,0,1,26.99,22.61,234
1999,8,0.03493,0,1,27.43,15.9,-1161.5
1999,8,0.03493,0,1,27.66,21.09,-1170.5
1999,9,0.00433,0,1,21.1,83,125.3
1999,9,0.00433,0,1,21.92,47.76,132.4
1999,10,0.00649,0,1,15.76,15.5,69.9
1999,10,0.00649,0,1,16.65,18.04,74.9
1999,11,0,0,0,12.44,0,39.7
1999,11,0,0,0,13.04,0,41.4
1999,12,0,0,0,4.93,26.6,7.9
1999,12,0,0,0,5.93,25.91,10
2000,1,0,0,0,6.11,0,11.2
2000,1,0,0,0,6.74,0.5,12.3
2000,2,0,0,0,10.22,1.3,27.7
2000,2,0,0,0,10.64,1.02,28.2
2000,3,0,0,0,12.03,70.7,45.8
2000,3,0,0,0,12.12,65.29,44.4
2000,4,0,0,0,16.71,42.4,87.9
2000,4,0,0,0,16.67,42.67,85.3
2000,5,0.00224,0,0,23.69,19.8,183
2000,5,0.00224,0,0,23.19,17.02,175
2000,6,0.00314,0,1,23.35,215.5,179.9
2000,6,0.00314,0,1,24.28,177.3,191.7
2000,7,0.00401,0,1,26.92,52.3,232.9
2000,7,0.00401,0,1,27.88,27.15,-1258.5
2000,8,0.01641,0,1,27.35,0.3,-1158.4
2000,8,0.01641,0,1,28.34,1.78,-1197.7
2000,9,0.00269,0,1,23.66,0,151.9
2000,9,0.00269,0,1,24.21,0,157.4
2000,10,0.01078,0,1,16.8,83.3,76.8
2000,10,0.01078,0,1,16.78,84.34,74.7
2000,11,0,0,0,6.34,31.7,11.8
2000,11,0,0,0,6.59,30.22,11.7
2000,12,0,0,0,1.7,23.5,1.1
2000,12,0,0,0,2.45,24.64,1.9
2001,1,0,0,0,2.68,37,2.4
2001,1,0,0,0,3.33,33.5,3.6
2001,2,0,0,0,6.88,13,13.1
2001,2,0,0,0,6.89,12.94,13.2
2001,3,0,0,0,9.04,62.3,26.6
2001,3,0,0,0,9.35,55.88,28.3
2001,4,0,0,0,17.92,9.6,98
2001,4,0,0,0,17.58,6.34,94.7
2001,5,0.00062,0,0,21.18,106.7,149
2001,5,0.00062,0,0,21.27,104.15,150.2
2001,6,0.00209,0,1,27.04,12,-1213.8
2001,6,0.00209,0,1,26.22,5.59,220.5
2001,7,0.01273,0,1,29.61,15.2,-1334.3
2001,7,0.01273,0,1,29.25,10.67,-1318.2
2001,8,0.00823,0,1,26.49,28.2,212.1
2001,8,0.00823,0,1,26.94,33.26,218.6
2001,9,0.01245,0,1,22.17,21.6,134.6
2001,9,0.01245,0,1,22.57,29.2,139
2001,10,0.00606,0,1,16.43,0.6,72.5
2001,10,0.00606,0,1,16.95,1.52,76.7
2001,11,0,0,0,11.36,85.7,31.9
2001,11,0,0,0,11.89,78.74,34.6
2001,12,0,0,0,5.85,3.3,9.5
2001,12,0,0,0,6.12,4.57,10.2
2002,1,0,0,0,5.67,15.8,10.7
2002,1,0,0,0,5.99,19.04,11.1
2002,2,0,0,0,5.74,13,10.9
2002,2,0,0,0,5.94,15.49,10.9
2002,3,0,0,0,9.42,54.7,31.5
2002,3,0,0,0,9.65,52.32,31.6
2002,4,0,0,0,17.2,32.1,94.7
2002,4,0,0,0,17.77,21.84,98.7
2002,5,0.00272,0,0,21.19,9.4,152.3
2002,5,0.00272,0,0,21.11,8.13,150
2002,6,0.02208,0,1,25.86,77.8,215.6
2002,6,0.02208,0,1,26.23,171.19,220.8
2002,7,0.02537,0,1,26.52,35.6,226.8
2002,7,0.02537,0,1,26.62,56.13,228.3
2002,8,0.01596,0,1,27.51,33.4,-1164.6
2002,8,0.01596,0,1,27.38,49.8,-1159.5
2002,9,0.00467,0,1,22.5,35.1,140.3
2002,9,0.00467,0,1,22.91,26.4,144
2002,10,0.00295,0,1,14.54,133.8,61.5
2002,10,0.00295,0,1,14.62,152.92,60.8
2002,11,0,0,0,8.59,9.7,21.4
2002,11,0,0,0,9.1,12.71,22.7
2002,12,0,0,0,5.5,39.9,9.8
2002,12,0,0,0,5.33,36.32,8.7
2003,1,0,0,1,5.66,1.01,9.8
2003,2,0,0,1,5.73,0.51,10
2003,3,0,0,1,11.41,8.63,41.7
2003,4,0,0,1,17.4,20.58,94.4
2003,5,0.0036,0,1,21.65,50.28,156.2
2003,6,0.05084,0,1,23.14,111.49,177
2003,7,0.09797,0,1,27.56,0,-1245
2003,8,0.03689,0,1,27.1,27.94,-1148.6
2003,9,0,0,1,21.22,30.47,125.5
2003,10,0,0,1,18.11,15.99,87.6
2003,11,0,0,1,11.08,12.95,31.5
2003,12,0.00012,0,1,6.91,0,13.4
2004,1,0.01371,0,1,6.7,77.2,14.5
2004,2,0.01777,0,1,5.26,27.6,9.7
2004,3,0.12993,0,1,13.36,37.7,57.8
2004,4,0.01391,0,1,15.37,63.9,79
2004,5,0.00613,0,1,22.31,18.8,166.8
2004,6,0.05092,0,1,24.3,105.2,194.2
2004,7,0.04567,0,1,25.71,59.9,215.3
2004,8,0.07446,0,1,24.14,61.4,181.4
2004,9,0.02289,0,1,21.36,121.7,128.9
2004,10,0.02014,0,1,17.13,37.6,82
2004,11,0,0,1,8.66,110.5,22.2
2004,12,0.00086,0,1,6.17,7.25,12.2
2005,1,0.01528,0,1,6.52,42.8,12.9
2005,2,0.07939,0,1,7.97,31.2,18.3
2005,3,0.11117,0,1,10.31,17.1,35.5
2005,4,0.01353,0,1,15.27,5.9,75.8
2005,5,0.02312,0,1,20.43,42.9,141.7
2005,6,0.06848,0,1,26.04,42.5,218
2005,7,0.21675,0,1,26.05,65.5,219.9
2005,8,0.17167,0,1,24.7,38.72,187.8
2005,9,0.06641,0,1,24.07,12.9,156.9
2005,10,0.05491,0,1,16.69,78.8,76.5
2005,11,0,0,1,11.68,0,35.1
2005,12,0,0,1,5.55,1,9.4
2006,1,0.03229,0,1,8.7,0.6,19.2
2006,2,0.06732,0,1,7.31,5.1,13.9
2006,3,0.20559,0,1,11.96,42.8,42.7
2006,4,0.0625,0,1,18.9,17.5,106.5
2006,5,0,0,1,22.91,37.2,170.7
2006,6,0.03497,0,1,26.77,10.5,228.9
2006,7,0.0781,0,1,27.9,16.2,-1259.4
2006,8,0.07633,0,1,26.98,52.6,219.3
2006,9,0.08728,0,1,20.34,121.5,114.2
2006,10,0.06975,0,1,16.11,43.3,68.7
2006,11,0.00717,0,1,11.27,1.8,30.5
2006,12,0.00593,0,1,5.35,33.3,7.6
2007,1,0.00764,0,1,2.24,32.15,2.6
2007,2,0.00296,0,1,6.11,1.02,13.5
2007,3,0.04649,0,1,12.87,93.1,56.4
2007,4,0.00405,0,1,13.18,26.7,63.2
2007,5,0,0,1,19.23,148.2,132.1
2007,6,0.00086,0,1,23.83,71,189
2007,7,0.00643,0,1,24.97,18.7,205.6
2007,8,0.01526,0,1,25.94,57.48,205.1
2007,9,0.02179,0,1,22.77,85.29,144.8
2007,10,0.00916,0,1,17.59,1.53,87.7
2007,11,0,0,1,9.88,6.61,29.2
2007,12,0,0,1,4.99,29.71,9.3
2008,1,0,0,1,4.37,0.25,7.5
2008,2,0,0,1,7.9,10.41,20
2008,3,0,0,1,10.93,2.28,42.5
2008,4,0,0,1,15.08,11.43,78
2008,5,0.02505,0,1,20.58,147.31,146.9
2008,6,0.04575,0,1,26.52,82.28,225.1
2008,7,0.07735,0,1,25.68,66.29,215.1
2008,8,0.07412,0,1,24.75,100.83,189.7
2008,9,0.04636,0,1,19.79,249.94,114.6
2008,10,0.02811,0,1,15.6,48.26,71.4
2008,11,0.00247,0,1,10.07,4.32,29.6
2008,12,0,0,1,5.6,0.51,10.9
2009,1,0,0,1,5.37,1.52,10
2009,2,0,0,1,9.24,15.5,25
2009,3,0,0,1,12.58,2.53,52.3
2009,4,0,0,1,15.69,30.74,81.8
2009,5,0.0123,0,1,20.07,11.18,139.5
2009,6,0.03304,0,1,25.51,118.11,210.8
2009,7,0.04428,0,1,26.58,60.2,227.7
2009,8,0.03752,0,1,26.32,8.38,209.9
2009,9,0.02797,0,1,20.77,39.37,123
2009,10,0.00702,0,1,14.2,13.96,59.8
2009,11,0.00101,0,1,11.1,3.05,33.7
2009,12,0.00547,0,1,2.23,35.81,2.2
2010,1,0.00564,0,1,3.67,31.49,5.1
2010,2,0.01422,0,1,3.55,43.69,4.8
2010,3,0.13807,0,1,10.33,80.27,36.9
2010,4,0,0,1,15.57,120.66,79.9
2010,5,0.00731,0,1,19.95,34.29,137.4
2010,6,0.02459,0,1,26.76,64.77,228.5
2010,7,0.0575,0,1,24.89,192.79,203.6
2010,8,0.05329,0,1,26.28,64.53,209.3
2010,9,0.01625,0,1,23.4,16.5,150.1
2010,10,0.01185,0,1,17.08,43.44,81
2010,11,0.00499,0,1,9.93,3.05,27.4
2010,12,0.00918,0,1,7.11,0,15.1
2011,1,0.00736,0,1,4.04,3.05,4.5
2011,2,0.05635,0,1,5.16,14.73,7.1
2011,3,0.07975,0,1,12.8,29.97,47.7
2011,4,0.02373,0,1,18.06,0,97.3
2011,5,0.02411,0,1,20.76,8.39,141.8
2011,6,0.04372,0,1,28.94,0.51,-1294.2
2011,7,0.03895,0,1,29.3,3.55,-1320.4
2011,8,0.02719,0,1,29.41,11.43,-1241.8
2011,9,0.06034,0,1,21.83,29.97,129.5
2011,10,0.04236,0,1,16.3,54.61,69.6
2011,11,0.01423,0,1,10.04,19.04,24.2
2011,12,0.01065,0,1,3.34,33.53,3.1
2012,1,0.00734,0,1,6.72,0,11.9
2012,2,0.00238,0,1,6.32,11.69,10.7
2012,3,0.01266,0,1,14.22,15.48,58.6
2012,4,0.00749,0,1,18.98,39.64,107.3
2012,5,0.00165,0,1,22.25,42.68,161.8
2012,6,0.01976,0,1,26.47,70.35,224.2
2012,7,0.00513,0,1,27.22,8.63,-1230.8
2012,8,0.01445,0,1,26.74,73.66,215.8
2012,9,0.02815,0,1,22.13,66.54,133.3
2012,10,0.0147,0,1,15.37,4.57,63
2012,11,0,0,1,12.25,0.25,35.5
2012,12,0.00025,0,1,6.07,18.79,9.6
2013,1,0.00316,0,1,4.76,20.32,7.9
2013,2,0.00146,0,1,6.01,33.03,11.8
2013,3,0.00383,0,1,11.47,0,44.1
2013,4,0.00104,0,1,14.65,0.76,72.1
2013,5,0.00614,0,1,20.87,19.05,148.4
2013,6,0.02287,0,1,26.59,49.03,226.1
2013,7,0.02951,0,1,25.71,86.62,215.1
2013,8,0.02417,0,1,26.19,53.85,208.1
2013,9,0.00866,0,1,23.31,15.49,149.1
2013,10,0.01504,0,1,16.3,25.65,74.8
2013,11,0,0,1,8.81,6.85,22.4
2013,12,0,0,1,3.56,15.75,4.7
2014,1,0,0,1,4.45,0,7.5
2014,2,0.00012,0,1,5.68,2.79,11.3
2014,3,0.00128,0,1,10.07,4.31,36.5
2014,4,0.00284,0,1,15.68,13.72,82.5
2014,5,0.00512,0,1,20.63,133.86,146.8
2014,6,0.02404,0,1,25.29,70.11,207.9
2014,7,0.0181,0,1,25.6,64.77,213.9
2014,8,0.00288,0,1,26.55,16,213
2014,9,0.04224,0,1,21.62,168.91,132.1
2014,10,0.01182,0,1,17.21,10.17,83.3
2014,11,0.00409,0,1,7.84,54.87,19.1
2014,12,0,0,1,6.14,5.08,12.4
2015,1,0.00099,0,1,3.72,25.4,5
2015,2,0.00192,0,1,6.27,18.8,12.3
2015,3,0.00026,0,1,11.02,5.84,40.5
2015,4,0.0013,0,1,16.28,44.97,85.5
2015,5,0.01753,0,1,18.56,308.37,120.7
2015,6,0.02279,0,1,24.67,42.92,198.7
2015,7,0.01613,0,1,26.84,121.67,231.6
2015,8,5e-05,0,1,26.36,8.63,210.3
2015,9,0.00246,0,1,24.45,16.5,161.5
2015,10,0.01796,0,1,17.52,117.33,83.9
2015,11,0.00612,0,1,9.86,20.32,26.6
2015,12,7e-05,0,1,5.98,30.23,11
2016,1,0.00184,0,1,4.67,5.08,6.8
2016,2,0,0,1,8.57,1.78,19.9
2016,3,9e-04,0,1,13.24,8.13,53.5
2016,4,0.00038,0,1,15.86,33.27,79.5
2016,5,0.0025,0,1,19.44,91.69,128.5
2016,6,0.008,0,1,25.41,29.71,208.5
2016,7,0.00123,0,1,28.7,15.24,-1293.9
2016,8,0.0022,0,1,25.26,52.33,194.9
2016,9,0.01711,0,1,22.17,57.41,135.1
2016,10,0.00347,0,1,19,28.19,94.8
2016,11,0.00349,0,1,11.95,29.47,35.5
2016,12,0,0,1,5.09,10.92,7.6
2017,1,0.00133,0,1,5.82,55.61,10.3
2017,2,0.00039,0,1,10.46,17.02,28.8
2017,3,0.00027,0,1,14.19,20.57,61.2
2017,4,0.00147,0,1,16.17,43.18,83
2017,5,0.00025,0,1,19.93,17.27,135
2017,6,0.00356,0,1,26.14,40.9,219.4
2017,7,0.01546,0,1,26.62,115.06,228.3
2017,8,0.02908,0,1,24.08,119.88,179.3
2017,9,0.02055,0,1,21.83,91.18,131.9
2017,10,0.02005,0,1,16.34,9.64,73.1
2017,11,0,0,1,12.25,1.78,37.6
2017,12,0,0,1,5.28,0,8.3
2018,1,0,0,1,4.05,0,5.2
2018,2,6e-04,0,1,7.2,5.08,14.6
2018,3,0.00041,0,1,13.24,23.88,53.5
2018,4,0.00289,0,1,14.86,1.01,70.8
2018,5,0.00094,0,1,24.83,31.49,198.6
2018,6,0.00445,0,1,27.56,33.02,-1235.2
2018,7,0.00458,0,1,27.54,22.1,-1244.2
2018,8,0.00172,0,1,26.69,23.37,214.9
2018,9,0.01302,0,1,21.96,91.68,132.8
2018,10,0.01768,0,1,14.91,117.86,61.6
2018,11,0.00358,0,1,7.83,2.54,16.7
2018,12,0.00039,0,1,4.64,26.66,6.4
2019,1,0,0,1,6.35,0,12.6
2019,2,0,0,1,8.15,7.62,19.4
2019,3,0.00137,0,1,9.28,27.94,30.1
2019,4,0.00048,0,1,16.2,41.41,84.8
2019,5,0.00285,0,1,19.3,135.63,129.1
2019,6,0.01111,0,1,24.38,42.42,194.7
2019,7,0.00796,0,1,27.11,84.84,-1226.3
2019,8,0.00202,0,1,28.45,41.15,-1202.2
2019,9,0.0104,0,1,24.94,170.44,167.1
2019,10,0.01276,0,1,13.83,32.76,55.8
2019,11,0.00088,0,1,8.46,28.71,20.4
2019,12,4e-05,0,1,6.81,11.68,13.7
2020,1,4e-05,0,1,6.56,7.87,12
2020,2,0.00022,0,1,5.56,17.51,8.9
2020,3,0.00443,0,1,13.05,54.85,51.4
2020,4,0.00048,0,1,15.53,0,75.8
2020,5,0.00097,0,1,22.12,44.95,161.1
2020,6,0.0052,0,1,26.11,46.48,218.8
2020,7,0.00541,0,1,29.07,48.51,-1310.2
2020,8,0.00232,0,1,27.9,10.67,-1180.1
2020,9,0.00615,0,1,20.78,21.34,119.8
2020,10,0.00014,0,1,15.63,22.86,66.3
2020,11,0.00141,0,1,12.36,1.78,37.1
2020,12,0,0,1,5.35,1.78,8
2021,1,0.00035,0,1,3.76,17.52,5.5
2021,2,1e-04,0,1,1.6,1.52,1.3
2021,3,0.00148,0,1,10.83,44.45,40.6
2021,4,0.00113,0,1,13.54,3.29,63.8
2021,5,0.01308,0,1,19.37,141.98,131.4
2021,6,0.02424,0,1,25.24,87.37,207
2021,7,0.0366,0,1,25.28,84.08,209.2
2021,8,0.01576,0,1,25.62,81.78,200.5
2021,9,0.00336,0,1,23.82,15.49,155
2021,10,0.02117,0,1,17.67,34.29,86.4
2021,11,0,0,1,10.69,7.62,31.6
2021,12,0,0,1,9.86,0,26.9
2022,1,0,0,1,4.58,8.12,6.7
2022,2,0,0,1,6.14,4.56,11.3
2022,3,0,0,1,11.83,3.8,44.4
2022,4,0,0,1,15.62,74.92,78.1
2022,5,0.013,0,1,20.28,135.14,139.2
2022,6,0.01991,0,1,27.38,12.45,-1227.7
2022,7,0.04372,0,1,27.13,33.28,-1227.1
2022,8,0.04326,0,1,26.66,15.23,214.5
2022,9,0.05974,0,1,22.25,46.73,136.4
2022,10,0.00932,0,1,16.75,19.05,76.4
2022,11,0,0,1,10.55,20.82,28.9
2022,12,0.00435,0,1,7.28,4.06,14.7
2023,1,0.02854,0,1,5.8,11.93,11.1
2023,2,0.0496,0,1,9.04,4.31,23.7
2023,3,0.0829,0,1,10.76,15.48,39.5
2023,4,0.0207,0,1,14.75,21.33,72.9
2023,5,0.01128,0,1,19.18,97.02,128.5
2023,6,0.03264,0,1,23.59,49.27,184.3
2023,7,0.02266,0,1,27.22,21.32,-1230.8
2023,8,0.06301,0,1,27.1,40.88,-1148.6
2023,9,0.04981,0,1,21.7,183.63,131.9
2023,10,0.01779,0,1,16.84,12.7,79
2023,11,9e-05,0,1,11,3.56,32.7
2023,12,0,0,1,5.78,10.66,10.6
2024,1,0,0,1,4.26,8.13,6.3
2024,2,0,0,1,8.39,1.27,20.4
2024,3,0,0,1,8.87,1.77,27.9
2024,4,0,0,1,15.73,4.32,80.6
2024,5,0.01923,0,1,24.06,62.48,188.8
2024,6,0.07146,0,1,25.84,96.51,215.2
2024,7,0.08882,0,1,27.15,52.83,-1227.9
2024,8,0.12952,0,1,25.17,154.45,194.2
2024,9,0.05329,0,1,20.8,27.15,122.2
2024,10,0.00353,0,1,16.11,15.5,72.6
2024,11,0,0,1,9.65,16.76,25.7
2024,12,0.01053,0,1,6.59,0.25,13
2025,1,0.04554,0,1,3.77,12.95,5.9
2025,2,0.11051,0,1,5.95,34.03,12.6
2025,3,0.15664,0,1,12.21,1.27,51.1
2025,4,0.03806,0,1,12.55,130.56,57.6
2025,5,0.02352,0,1,19.47,88.37,134
2025,6,0.0538,0,1,24.07,77.74,191.8
2025,7,0.0566,0,1,27.08,48.26,-1225
2025,8,0.11086,0,1,26.06,63.75,206.5
2025,9,0.02907,0,1,24.01,39.62,157.7
2025,10,0.01527,0,1,16.48,31.75,78.1
2025,11,9e-05,0,1,8.36,17.51,21.7
2025,12,0,0,1,3.52,45.97,5.1
2026,1,0,0,1,6.49,0,11.2
2026,2,0,0,1,7.31,46.72,13.9
2026,3,0,0,1,9.35,39.61,27.2
2026,4,0,0,1,14.35,10.67,64.2
2026,5,0.00875,0,1,23.22,5.84,174.9
2026,6,0.03303,0,1,27,22.35,-1212.1
2026,7,0.02368,0,1,28.79,10.93,-1297.8
2026,8,0.2193,0,1,26.34,100.85,209.9
2026,9,0.08805,0,1,25.2,8.38,169.1
2026,10,0.05777,0,1,17.62,92.44,81
2026,11,0,0,1,11.54,10.41,31.8
2026,12,0.00261,0,1,5.33,9.14,7.5
2027,1,0.04462,0,1,6.53,41.66,12.3
2027,2,0.09245,0,1,10.37,0,27.9
2027,3,0.20023,0,1,10.54,31.24,35.7
2027,4,0.08017,0,1,15.47,78.49,76
2027,5,0.02224,0,1,20.01,89.4,135.3
2027,6,0.06846,0,1,24.38,118.11,193.7
2027,7,0.05227,0,1,26.99,22.61,234
2027,8,0.06577,0,1,27.66,21.09,-1170.5
2027,9,0.07151,0,1,21.92,47.76,132.4
2027,10,0.01417,0,1,16.65,18.04,74.9
2027,11,6e-05,0,1,13.04,0,41.4
2027,12,0,0,1,5.93,25.91,10
2028,1,0,0,1,6.74,0.5,12.3
2028,2,0,0,1,10.64,1.02,28.2
2028,3,0,0,1,12.12,65.29,44.4
2028,4,0,0,1,16.67,42.67,85.3
2028,5,0.02704,0,1,23.19,17.02,175
2028,6,0.21531,0,1,24.28,177.3,191.7
2028,7,0.17736,0,1,27.88,27.15,-1258.5
2028,8,0.09566,0,1,28.34,1.78,-1197.7
2028,9,0.03303,0,1,24.21,0,157.4
2028,10,0.00601,0,1,16.78,84.34,74.7
2028,11,0,0,1,6.59,30.22,11.7
2028,12,0.00092,0,1,2.45,24.64,1.9
2029,1,0.12574,0,1,3.33,33.5,3.6
2029,2,0.1039,0,1,6.89,12.94,13.2
2029,3,0.23838,0,1,9.35,55.88,28.3
2029,4,0.0857,0,1,17.58,6.34,94.7
2029,5,0.01957,0,1,21.27,104.15,150.2
2029,6,0.02233,0,1,26.22,5.59,220.5
2029,7,0.04186,0,1,29.25,10.67,-1318.2
2029,8,0.08605,0,1,26.94,33.26,218.6
2029,9,0.08358,0,1,22.57,29.2,139
2029,10,0.00549,0,1,16.95,1.52,76.7
2029,11,0.00019,0,1,11.89,78.74,34.6
2029,12,0,0,1,6.12,4.57,10.2
2030,1,0,0,1,5.99,19.04,11.1
2030,2,0,0,1,5.94,15.49,10.9
2030,3,0,0,1,9.65,52.32,31.6
2030,4,0,0,1,17.77,21.84,98.7
2030,5,0.00679,0,1,21.11,8.13,150
2030,6,0.04862,0,1,26.23,171.19,220.8
2030,7,0.10032,0,1,26.62,56.13,228.3
2030,8,0.10845,0,1,27.38,49.8,-1159.5
2030,9,0.07287,0,1,22.91,26.4,144
2030,10,0.01427,0,1,14.62,152.92,60.8
2030,11,0,0,1,9.1,12.71,22.7
2030,12,0.00964,0,1,5.33,36.32,8.7
2031,1,0.03765,0,1,5.66,1.01,9.8
2031,2,0.06948,0,1,5.73,0.51,10
2031,3,0.17545,0,1,11.41,8.63,41.7
2031,4,0.04627,0,1,17.4,20.58,94.4
2031,5,0.02523,0,1,21.65,50.28,156.2
2031,6,0.08796,0,1,23.14,111.49,177
2031,7,0.03615,0,1,27.56,0,-1245
2031,8,0.0742,0,1,27.1,27.94,-1148.6
2031,9,0.06264,0,1,21.22,30.47,125.5
2031,10,0.02107,0,1,18.11,15.99,87.6
2031,11,8e-05,0,1,11.08,12.95,31.5
2031,12,0,0,1,6.91,0,13.4
2032,1,0,0,1,6.7,77.2,14.5
2032,2,0,0,1,5.26,27.6,9.7
2032,3,0,0,1,13.36,37.7,57.8
2032,4,0,0,1,15.37,63.9,79
2032,5,0.00774,0,1,22.31,18.8,166.8
2032,6,0.08333,0,1,24.3,105.2,194.2
2032,7,0.0914,0,1,25.71,59.9,215.3
2032,8,0.16224,0,1,24.14,61.4,181.4
2032,9,0.05303,0,1,21.36,121.7,128.9
2032,10,0.02673,0,1,17.13,37.6,82
2032,11,0,0,1,8.66,110.5,22.2
2032,12,0.01123,0,1,6.17,7.25,12.2
2033,1,0.08515,0,1,6.52,42.8,12.9
2033,2,0.09968,0,1,7.97,31.2,18.3
2033,3,0.1589,0,1,10.31,17.1,35.5
2033,4,0.05966,0,1,15.27,5.9,75.8
2033,5,0.00963,0,1,20.43,42.9,141.7
2033,6,0.03584,0,1,26.04,42.5,218
2033,7,0.11054,0,1,26.05,65.5,219.9
2033,8,0.0781,0,1,24.7,38.72,187.8
2033,9,0.02934,0,1,24.07,12.9,156.9
2033,10,0.04911,0,1,16.69,78.8,76.5
2033,11,0.00019,0,1,11.68,0,35.1
2033,12,0,0,1,5.55,1,9.4
2034,1,0,0,1,8.7,0.6,19.2
2034,2,0,0,1,7.31,5.1,13.9
2034,3,0,0,1,11.96,42.8,42.7
2034,4,0,0,1,18.9,17.5,106.5
2034,5,0.04291,0,1,22.91,37.2,170.7
2034,6,0.04458,0,1,26.77,10.5,228.9
2034,7,0.05635,0,1,27.9,16.2,-1259.4
2034,8,0.22814,0,1,26.98,52.6,219.3
2034,9,0.38199,0,1,20.34,121.5,114.2
2034,10,0.03509,0,1,16.11,43.3,68.7
2034,11,0,0,1,11.27,1.8,30.5
2034,12,0.07484,0,1,5.35,33.3,7.6
2035,1,0.08406,0,1,2.24,32.15,2.6
2035,2,0.08446,0,1,6.11,1.02,13.5
2035,3,0.33984,0,1,12.87,93.1,56.4
2035,4,0.17382,0,1,13.18,26.7,63.2
2035,5,0.02192,0,1,19.23,148.2,132.1
2035,6,0.04334,0,1,23.83,71,189
2035,7,0.03372,0,1,24.97,18.7,205.6
2035,8,0.1173,0,1,25.94,57.48,205.1
2035,9,0.03963,0,1,22.77,85.29,144.8
2035,10,0.02481,0,1,17.59,1.53,87.7
2035,11,1e-05,0,1,9.88,6.61,29.2
2035,12,0,0,1,4.99,29.71,9.3
2036,1,0,0,1,4.37,0.25,7.5
2036,2,0,0,1,7.9,10.41,20
2036,3,0,0,1,10.93,2.28,42.5
2036,4,0,0,1,15.08,11.43,78
2036,5,0.01865,0,1,20.58,147.31,146.9
2036,6,0.08411,0,1,26.52,82.28,225.1
2036,7,0.12692,0,1,25.68,66.29,215.1
2036,8,0.14085,0,1,24.75,100.83,189.7
2036,9,0.05247,0,1,19.79,249.94,114.6
2036,10,0.0132,0,1,15.6,48.26,71.4
2036,11,0,0,1,10.07,4.32,29.6
2036,12,0.00898,0,1,5.6,0.51,10.9
2037,1,0.02755,0,1,5.37,1.52,10
2037,2,0.09615,0,1,9.24,15.5,25
2037,3,0.23363,0,1,12.58,2.53,52.3
2037,4,0.06122,0,1,15.69,30.74,81.8
2037,5,0.00458,0,1,20.07,11.18,139.5
2037,6,0.06133,0,1,25.51,118.11,210.8
2037,7,0.10085,0,1,26.58,60.2,227.7
2037,8,0.06502,0,1,26.32,8.38,209.9
2037,9,0.06719,0,1,20.77,39.37,123
2037,10,0.00641,0,1,14.2,13.96,59.8
2037,11,0.00015,0,1,11.1,3.05,33.7
2037,12,0,0,1,2.23,35.81,2.2
2038,1,0,0,1,3.67,31.49,5.1
2038,2,0,0,1,3.55,43.69,4.8
2038,3,0,0,1,10.33,80.27,36.9
2038,4,0,0,1,15.57,120.66,79.9
2038,5,0.012,0,1,19.95,34.29,137.4
2038,6,0.04282,0,1,26.76,64.77,228.5
2038,7,0.14845,0,1,24.89,192.79,203.6
2038,8,0.13605,0,1,26.28,64.53,209.3
2038,9,0.02989,0,1,23.4,16.5,150.1
2038,10,0.00388,0,1,17.08,43.44,81
2038,11,0,0,1,9.93,3.05,27.4
2038,12,0.00897,0,1,7.11,0,15.1
2039,1,0.01343,0,1,4.04,3.05,4.5
2039,2,0.12086,0,1,5.16,14.73,7.1
2039,3,0.17142,0,1,12.8,29.97,47.7
2039,4,0.04981,0,1,18.06,0,97.3
2039,5,0.01102,0,1,20.76,8.39,141.8
2039,6,0.03143,0,1,28.94,0.51,-1294.2
2039,7,0.03203,0,1,29.3,3.55,-1320.4
2039,8,0.05043,0,1,29.41,11.43,-1241.8
2039,9,0.08696,0,1,21.83,29.97,129.5
2039,10,0.07266,0,1,16.3,54.61,69.6
2039,11,0.00476,0,1,10.04,19.04,24.2
2039,12,0,0,1,3.34,33.53,3.1
2040,1,0,0,1,6.72,0,11.9
2040,2,0,0,1,6.32,11.69,10.7
2040,3,0,0,1,14.22,15.48,58.6
2040,4,0,0,1,18.98,39.64,107.3
2040,5,0.00512,0,1,22.25,42.68,161.8
2040,6,0.03654,0,1,26.47,70.35,224.2
2040,7,0.01752,0,1,27.22,8.63,-1230.8
2040,8,0.16669,0,1,26.74,73.66,215.8
2040,9,0.11154,0,1,22.13,66.54,133.3
2040,10,0.02065,0,1,15.37,4.57,63
2040,11,0,0,1,12.25,0.25,35.5
2040,12,0.00205,0,1,6.07,18.79,9.6
2041,1,0.07346,0,1,4.76,20.32,7.9
2041,2,0.04769,0,1,6.01,33.03,11.8
2041,3,0.16602,0,1,11.47,0,44.1
2041,4,0.04954,0,1,14.65,0.76,72.1
2041,5,0.01021,0,1,20.87,19.05,148.4
2041,6,0.04699,0,1,26.59,49.03,226.1
2041,7,0.1142,0,1,25.71,86.62,215.1
2041,8,0.12105,0,1,26.19,53.85,208.1
2041,9,0.02201,0,1,23.31,15.49,149.1
2041,10,0.02084,0,1,16.3,25.65,74.8
2041,11,5e-05,0,1,8.81,6.85,22.4
2041,12,0,0,1,3.56,15.75,4.7
2042,1,0,0,1,4.45,0,7.5
2042,2,0,0,1,5.68,2.79,11.3
2042,3,0,0,1,10.07,4.31,36.5
2042,4,0,0,1,15.68,13.72,82.5
2042,5,0.03198,0,1,20.63,133.86,146.8
2042,6,0.08735,0,1,25.29,70.11,207.9
2042,7,0.0907,0,1,25.6,64.77,213.9
2042,8,0.06547,0,1,26.55,16,213
2042,9,0.13228,0,1,21.62,168.91,132.1
2042,10,0.0301,0,1,17.21,10.17,83.3
2042,11,0,0,1,7.84,54.87,19.1
2042,12,0.00885,0,1,6.14,5.08,12.4
2043,1,0.06655,0,1,3.72,25.4,5
2043,2,0.10967,0,1,6.27,18.8,12.3
2043,3,0.17845,0,1,11.02,5.84,40.5
2043,4,0.06843,0,1,16.28,44.97,85.5
2043,5,0.02606,0,1,18.56,308.37,120.7
2043,6,0.0436,0,1,24.67,42.92,198.7
2043,7,0.06833,0,1,26.84,121.67,231.6
2043,8,0.05031,0,1,26.36,8.63,210.3
2043,9,0.02945,0,1,24.45,16.5,161.5
2043,10,0.05029,0,1,17.52,117.33,83.9
2043,11,0.00127,0,1,9.86,20.32,26.6
2043,12,0,0,1,5.98,30.23,11
2044,1,0,0,1,4.67,5.08,6.8
2044,2,0,0,1,8.57,1.78,19.9
2044,3,0,0,1,13.24,8.13,53.5
2044,4,0,0,1,15.86,33.27,79.5
2044,5,0.01677,0,1,19.44,91.69,128.5
2044,6,0.02679,0,1,25.41,29.71,208.5
2044,7,0.02242,0,1,28.7,15.24,-1293.9
2044,8,0.06915,0,1,25.26,52.33,194.9
2044,9,0.15489,0,1,22.17,57.41,135.1
2044,10,0.00387,0,1,19,28.19,94.8
2044,11,0,0,1,11.95,29.47,35.5
2044,12,0.00454,0,1,5.09,10.92,7.6
2045,1,0.03848,0,1,5.82,55.61,10.3
2045,2,0.05398,0,1,10.46,17.02,28.8
2045,3,0.13286,0,1,14.19,20.57,61.2
2045,4,0.06247,0,1,16.17,43.18,83
2045,5,0.00364,0,1,19.93,17.27,135
2045,6,0.03653,0,1,26.14,40.9,219.4
2045,7,0.06852,0,1,26.62,115.06,228.3
2045,8,0.10988,0,1,24.08,119.88,179.3
2045,9,0.02936,0,1,21.83,91.18,131.9
2045,10,0.02553,0,1,16.34,9.64,73.1
2045,11,6e-05,0,1,12.25,1.78,37.6
2045,12,0,0,1,5.28,0,8.3
2046,1,0,0,1,4.05,0,5.2
2046,2,0,0,1,7.2,5.08,14.6
2046,3,0,0,1,13.24,23.88,53.5
2046,4,0,0,1,14.86,1.01,70.8
2046,5,0.01183,0,1,24.83,31.49,198.6
2046,6,0.03308,0,1,27.56,33.02,-1235.2
2046,7,0.04594,0,1,27.54,22.1,-1244.2
2046,8,0.06564,0,1,26.69,23.37,214.9
2046,9,0.18967,0,1,21.96,91.68,132.8
2046,10,0.06866,0,1,14.91,117.86,61.6
2046,11,0,0,1,7.83,2.54,16.7
2046,12,0.01686,0,1,4.64,26.66,6.4
2047,1,0.03808,0,1,6.35,0,12.6
2047,2,0.07649,0,1,8.15,7.62,19.4
2047,3,0.19278,0,1,9.28,27.94,30.1
2047,4,0.06614,0,1,16.2,41.41,84.8
2047,5,0.01632,0,1,19.3,135.63,129.1
2047,6,0.03107,0,1,24.38,42.42,194.7
2047,7,0.07089,0,1,27.11,84.84,-1226.3
2047,8,0.08757,0,1,28.45,41.15,-1202.2
2047,9,0.05555,0,1,24.94,170.44,167.1
2047,10,0.0302,0,1,13.83,32.76,55.8
2047,11,1e-05,0,1,8.46,28.71,20.4
2047,12,0,0,1,6.81,11.68,13.7
2048,1,0,0,1,6.56,7.87,12
2048,2,0,0,1,5.56,17.51,8.9
2048,3,0,0,1,13.05,54.85,51.4
2048,4,0,0,1,15.53,0,75.8
2048,5,0.03103,0,1,22.12,44.95,161.1
2048,6,0.08757,0,1,26.11,46.48,218.8
2048,7,0.16699,0,1,29.07,48.51,-1310.2
2048,8,0.07464,0,1,27.9,10.67,-1180.1
2048,9,0.08418,0,1,20.78,21.34,119.8
2048,10,0.00698,0,1,15.63,22.86,66.3
2048,11,0,0,1,12.36,1.78,37.1
2048,12,0.00404,0,1,5.35,1.78,8
2049,1,0.0241,0,1,3.76,17.52,5.5
2049,2,0.0215,0,1,1.6,1.52,1.3
2049,3,0.331,0,1,10.83,44.45,40.6
2049,4,0.07118,0,1,13.54,3.29,63.8
2049,5,0.02353,0,1,19.37,141.98,131.4
2049,6,0.04257,0,1,25.24,87.37,207
2049,7,0.09255,0,1,25.28,84.08,209.2
2049,8,0.06031,0,1,25.62,81.78,200.5
2049,9,0.01466,0,1,23.82,15.49,155
2049,10,0.02204,0,1,17.67,34.29,86.4
2049,11,2e-05,0,1,10.69,7.62,31.6
2049,12,0,0,1,9.86,0,26.9
