"Model","Climate_Scenario","Mgmt_Scenario","Scenario_Name","Maize_Diff_Mgha","Soybean_Diff_Mgha","Wheat_Diff_Mgha","SOC_Diff_Mgha","Total_N2O_kgha","N2O_Diff_kgha","Total_CH4_kgha","CH4_Diff_kgha","Total_SOC_Mgha","Cotton_Diff_Mgha","Sorghum_Diff_Mgha","N2O_Mgha","CH4_Mgha","CO2e_SOC","CO2e_N2O","CO2e_CH4","scenario_abbrev","GWP"
"Daycent",1,1,"1_1",-0.778854662177338,0.657125432098766,-0.649662913580251,2,24.4333908,-0.104687609655167,-21.9903502,0.354825603065125,27.9,NA,NA,0.0244333908,-0.0219903502,-7.33333333333333,10.4819246532,-0.7916526072,"CR",2.35693871266667
"Daycent",1,2,"1_2",-0.357058765432104,0.660105185185181,-0.455097481481481,4.2,17.6419254,-0.0755042786206832,-79.5381241,0.386442088122534,35.2,NA,NA,0.0176419254,-0.0795381241,-15.4,7.5683859966,-2.8633724676,"NT-CR",-10.694986471
"Daycent",1,3,"1_3",-0.496638796857454,0.608673679012341,-0.638741876543214,-0.100000000000001,20.4505009,-0.138000409655171,-11.6198056,0.404479793103434,27.9,NA,NA,0.0204505009,-0.0116198056,0.36666666666667,8.7732648861,-0.4183130016,"CC-CR",8.72161855116667
"Daycent",1,41,"1_41",-0.819802540965213,0.654940740740734,-0.635594814814816,1.8,23.5378508,-0.107080999999994,-22.2461363,0.346714750191564,27.7,NA,NA,0.0235378508,-0.0222461363,-6.6,10.0977379932,-0.8008609068,"RF05-CR",2.6968770864
"Daycent",1,42,"1_42",-0.794629566778909,0.651048049382716,-0.607688839506174,1.4,21.7137449,-0.10958322482758,-22.6903037,0.328426172413783,27.3,NA,NA,0.0217137449,-0.0226903037,-5.13333333333333,9.3151965621,-0.8168509332,"RF15-CR",3.36501229556667
"Daycent",1,43,"1_43",-0.721534294051636,0.647648641975302,-0.56360024691358,1,19.9170563,-0.110588470344823,-23.2402274,0.304725874329488,26.9,NA,NA,0.0199170563,-0.0232402274,-3.66666666666667,8.5444171527,-0.8366481864,"RF25-CR",4.04110229963333
"Daycent",1,44,"1_44",-0.665129158249158,0.642766962962966,-0.532832740740744,0.5,18.1598335,-0.114191519999995,-24.1032956,0.283597255172397,26.4,NA,NA,0.0181598335,-0.0241032956,-1.83333333333333,7.7905685715,-0.8677186416,"RF35-CR",5.08951659656667
"Daycent",1,51,"1_51",-0.288826253647589,0.678607999999997,-0.505062617283947,4.6,24.7281428,-0.0557103903448209,-17.3000973,0.447759919540233,30.5,NA,NA,0.0247281428,-0.0173000973,-16.8666666666667,10.6083732612,-0.6228035028,"RR50-CR",-6.88109690826666
"Daycent",1,52,"1_52",0.305443735129071,0.685566864197526,-0.348553333333331,6.9,24.2274357,-0.0124059406896474,-13.0619217,0.5415861218391,32.8,NA,NA,0.0242274357,-0.0130619217,-25.3,10.3935699153,-0.4702291812,"RR25-CR",-15.3766592659
"Daycent",1,53,"1_53",0.833951371492709,0.641012296296289,-0.276984641975311,6.8,23.5909808,-0.00373177793102619,-9.0004733,0.617194856705006,32.7,NA,NA,0.0235909808,-0.0090004733,-24.9333333333333,10.1205307632,-0.3240170388,"RR00-CR",-15.1368196089333
"Daycent",2,1,"2_1",0.00799775533108971,-0.105194271604948,0.113678617283952,1.5,24.6630232,-0.0310910993103366,-20.0025745,0.0888381800766447,27.4,NA,NA,0.0246630232,-0.0200025745,-5.5,10.5804369528,-0.720092682,"CR",4.3603442708
"Daycent",2,2,"2_2",-0.170095694725024,-0.0776961975308739,0.236709580246913,3.6,18.2117567,-0.0155951765517177,-75.8557516,0.043215411494244,34.6,NA,NA,0.0182117567,-0.0758557516,-13.2,7.8128436243,-2.7308070576,"NT-CR",-8.1179634333
"Daycent",2,3,"2_3",-0.660431946127936,0.279724839506173,0.0554137283950622,-1,19.9201313,-0.0548562082758577,-10.8762565,0.204254985440613,27,NA,NA,0.0199201313,-0.0108762565,3.66666666666667,8.5457363277,-0.391545234,"CC-CR",11.8208577603667
"Daycent",2,41,"2_41",-0.00521686195286453,-0.105067061728406,0.101069283950616,1.3,23.7388924,-0.0330622344827511,-20.2168521,0.0831362842912021,27.2,NA,NA,0.0237388924,-0.0202168521,-4.76666666666667,10.1839848396,-0.7278066756,"RF05-CR",4.68951149733333
"Daycent",2,42,"2_42",-0.0329053737373766,-0.105418617283962,0.0847127901234579,0.900000000000002,21.8647583,-0.0367912799999925,-20.6308737,0.0664387180076736,26.8,NA,NA,0.0218647583,-0.0206308737,-3.30000000000001,9.3799813107,-0.7427114532,"RF15-CR",5.33726985749999
"Daycent",2,43,"2_43",0.00228324130190494,-0.106439407407418,0.0605615802469135,0.5,20.0060784,-0.0395859199999932,-21.1315886,0.0549234298850652,26.4,NA,NA,0.0200060784,-0.0211315886,-1.83333333333333,8.5826076336,-0.7607371896,"RF25-CR",5.98853711066667
"Daycent",2,44,"2_44",-0.0149819797979802,-0.107487160493838,0.0419277530864197,0.100000000000001,18.1191151,-0.0426817986206833,-22.1472607,0.0397748421456021,26,NA,NA,0.0181191151,-0.0221472607,-0.36666666666667,7.7731003779,-0.7973013852,"RF35-CR",6.60913232603333
"Daycent",2,51,"2_51",0.449295856341188,-0.0851369382716154,0.3248252345679,4.1,25.0174926,0.0184190593103531,-15.2578569,0.174307416858264,30,NA,NA,0.0250174926,-0.0152578569,-15.0333333333333,10.7325043254,-0.5492828484,"RR50-CR",-4.85011185633333
"Daycent",2,52,"2_52",0.940662859708198,-0.0742300740740838,0.553220888888895,6.4,24.9256402,0.0357294979310432,-10.7332115,0.304531596168614,32.3,NA,NA,0.0249256402,-0.0107332115,-23.4666666666667,10.6930996458,-0.386395614,"RR25-CR",-13.1599626348667
"Daycent",2,53,"2_53",1.30399827609428,-0.0471592592592689,0.814433580246913,6.6,24.0408344,0.026687833103457,-6.5600821,0.341427083524948,32.5,NA,NA,0.0240408344,-0.0065600821,-24.2,10.3135179576,-0.2361629556,"RR00-CR",-14.122644998
"Daycent",3,1,"3_1",0.415304421997757,-0.120797530864181,0.0217376790123454,1.8,24.6718626,0.0855355724138016,-18.9465662,0.17237992030651,27.7,NA,NA,0.0246718626,-0.0189465662,-6.6,10.5842290554,-0.6820763832,"CR",3.3021526722
"Daycent",3,2,"3_2",0.109125710437718,-0.175696543209858,0.0673361975308646,3.9,18.5995637,0.159009503448284,-78.13632,-0.00265684214563278,34.9,NA,NA,0.0185995637,-0.07813632,-14.3,7.9792128273,-2.81290752,"NT-CR",-9.1336946927
"Daycent",3,3,"3_3",0.890456314253669,0.376932543209897,0.156694222222225,-0.399999999999999,21.6280926,-0.0516969296551693,-7.9650364,0.388944557854404,27.6,NA,NA,0.0216280926,-0.0079650364,1.46666666666666,9.2784517254,-0.2867413104,"CC-CR",10.4583770816667
"Daycent",3,41,"3_41",0.397783775533103,-0.121634765432084,0.0121381728395069,1.6,23.7224636,0.0781475820689738,-19.1884888,0.167887748658999,27.5,NA,NA,0.0237224636,-0.0191884888,-5.86666666666667,10.1769368844,-0.6907855968,"RF05-CR",3.61948462093333
"Daycent",3,42,"3_42",0.458146118967456,-0.124979209876527,-0.0125809876543217,1.2,21.8022992,0.0619117931034562,-19.6378857,0.154584328735624,27.1,NA,NA,0.0218022992,-0.0196378857,-4.4,9.3531863568,-0.7069638852,"RF15-CR",4.2462224716
"Daycent",3,43,"3_43",0.465846338944999,-0.126365382716031,-0.0430989135802471,0.800000000000001,19.9135756,0.0462897586206973,-20.1161692,0.149772554789264,26.7,NA,NA,0.0199135756,-0.0201161692,-2.93333333333334,8.5429239324,-0.7241820912,"RF25-CR",4.88540850786666
"Daycent",3,44,"3_44",0.419612336700336,-0.127015950617269,-0.0773477530864222,0.300000000000001,18.0467465,0.0283196289655243,-21.0994343,0.14331872107279,26.2,NA,NA,0.0180467465,-0.0210994343,-1.1,7.7420542485,-0.7595796348,"RF35-CR",5.8824746137
"Daycent",3,51,"3_51",0.820339789001117,-0.10500241975307,0.152798419753086,4.4,25.093532,0.148799605517252,-14.049478,0.26926761532568,30.3,NA,NA,0.025093532,-0.014049478,-16.1333333333333,10.765125228,-0.505781208,"RR50-CR",-5.87398931333333
"Daycent",3,52,"3_52",1.26963074298541,-0.0891433580246757,0.261183654320991,6.6,25.5547049,0.281761293793112,-9.7098837,0.351553672796956,32.5,NA,NA,0.0255547049,-0.0097098837,-24.2,10.9629684021,-0.3495558132,"RR25-CR",-13.5865874111
"Daycent",3,53,"3_53",1.63091898540965,-0.0299416790123304,0.285685037037037,6.8,27.6553106,0.447909249655182,-5.6936321,0.427996190038346,32.7,NA,NA,0.0276553106,-0.0056936321,-24.9333333333333,11.8641282474,-0.2049707556,"RR00-CR",-13.2741758415333
"Daycent",4,1,"4_1",-1.08904764983166,-0.617882222222249,0.855400000000003,0.700000000000003,25.7497196,-0.0398356965517169,-23.2079692,-0.0663766873563072,26.6,NA,NA,0.0257497196,-0.0232079692,-2.56666666666668,11.0466297084,-0.8354868912,"CR",7.64447615053332
"Daycent",4,2,"4_2",-0.811457723905733,-0.685147555555581,0.756286222222222,2.8,20.4712352,-0.00555748551723512,-80.2188867,-0.209238055938689,33.8,NA,NA,0.0204712352,-0.0802188867,-10.2666666666667,8.7821599008,-2.8878799212,"NT-CR",-4.37238668706667
"Daycent",4,3,"4_3",-0.90579591470258,-0.184635456790136,0.75334207407407,-1.7,18.0631984,-0.0143964262068897,-16.8988087,-0.00795493333332276,26.3,NA,NA,0.0180631984,-0.0168988087,6.23333333333333,7.7491121136,-0.6083571132,"CC-CR",13.3740883337333
"Daycent",4,41,"4_41",-1.05064560269362,-0.619538716049405,0.814365135802468,0.600000000000001,24.744277,-0.044025011034476,-23.4584531,-0.0657415647509433,26.5,NA,NA,0.024744277,-0.0234584531,-2.2,10.615294833,-0.8445043116,"RF05-CR",7.5707905214
"Daycent",4,42,"4_42",-0.948517063973071,-0.623154172839527,0.732893432098763,0.200000000000003,22.7243315,-0.0506128055172349,-23.8149876,-0.0647948651340903,26.1,NA,NA,0.0227243315,-0.0238149876,-0.733333333333344,9.7487382135,-0.8573395536,"RF15-CR",8.15806532656666
"Daycent",4,43,"4_43",-0.916168547699229,-0.62549061728398,0.646044691358021,-0.199999999999999,20.7277004,-0.0565195917241313,-24.2243597,-0.0847788490421371,25.7,NA,NA,0.0207277004,-0.0242243597,0.73333333333333,8.8921834716,-0.8720769492,"RF25-CR",8.75343985573333
"Daycent",4,44,"4_44",-0.882850621773294,-0.630430024691378,0.562877086419753,-0.599999999999998,18.7064197,-0.0623877696551672,-25.1609794,-0.0979796697317897,25.3,NA,NA,0.0187064197,-0.0251609794,2.19999999999999,8.0250540513,-0.9057952584,"RF35-CR",9.31925879289999
"Daycent",4,51,"4_51",-0.859106873176223,-0.589329135802487,0.991236296296307,3.1,26.1413236,0.0123150386206977,-19.1797562,-0.00798278390801888,29,NA,NA,0.0261413236,-0.0191797562,-11.3666666666667,11.2146278244,-0.6904712232,"RR50-CR",-0.842510065466668
"Daycent",4,52,"4_52",-0.597890693602714,-0.564151604938296,1.16007940740741,5.1,26.2644882,0.0380883034482841,-15.1495685,0.0829172252873914,31,NA,NA,0.0262644882,-0.0151495685,-18.7,11.2674654378,-0.545384466,"RR25-CR",-7.9779190282
"Daycent",4,53,"4_53",-0.441434487093165,-0.5617577777778,1.31013417283951,5,25.8811843,-0.0667921406896493,-11.442925,0.0976641149425813,30.9,NA,NA,0.0258811843,-0.011442925,-18.3333333333333,11.1030280647,-0.4119453,"RR00-CR",-7.64225056863333
"Daycent",5,1,"5_1",-3.43761160044897,-0.190382370370376,0.169642666666665,0.300000000000001,26.2353045,-0.062872542068958,-23.9663303,-0.0535476168582391,26.2,NA,NA,0.0262353045,-0.0239663303,-1.1,11.2549456305,-0.8627878908,"CR",9.2921577397
"Daycent",5,2,"5_2",-2.5731169113356,-0.206056839506179,0.298404296296294,2.5,19.2801085,-0.0563131117241319,-83.0798065,-0.372487746360173,33.5,NA,NA,0.0192801085,-0.0830798065,-9.16666666666667,8.2711665465,-2.990873034,"NT-CR",-3.88637315416667
"Daycent",5,3,"5_3",-1.86760062850732,-0.0947119012345752,-0.0765357530864206,-2.2,18.9778119,-0.0496626744827532,-18.3971917,-0.105552966283509,25.8,NA,NA,0.0189778119,-0.0183971917,8.06666666666667,8.1414813051,-0.6622989012,"CC-CR",15.5458490705667
"Daycent",5,41,"5_41",-3.04353199551068,-0.192461283950621,0.174765975308642,0.200000000000003,25.2129089,-0.0695144703448204,-24.1459573,-0.0557088429118794,26.1,NA,NA,0.0252129089,-0.0241459573,-0.733333333333344,10.8163379181,-0.8692544628,"RF05-CR",9.21375012196665
"Daycent",5,42,"5_42",-2.33865213916948,-0.198105876543215,0.187927358024691,0,23.1194717,-0.0809451310344766,-24.4760587,-0.0740765118773997,25.9,NA,NA,0.0231194717,-0.0244760587,0,9.9182533593,-0.8811381132,"RF15-CR",9.0371152461
"Daycent",5,43,"5_43",-1.96762593041527,-0.203770518518525,0.183245827160494,-0.399999999999999,21.0598026,-0.0932315475862016,-24.955939,-0.0961386750957945,25.5,NA,NA,0.0210598026,-0.024955939,1.46666666666666,9.0346553154,-0.898413804,"RF25-CR",9.60290817806666
"Daycent",5,44,"5_44",-1.82381554208754,-0.205805876543215,0.168397185185185,-0.699999999999999,19.0255693,-0.0999880027586151,-25.8957719,-0.115090990038321,25.2,NA,NA,0.0190255693,-0.0258957719,2.56666666666666,8.1619692297,-0.9322477884,"RF35-CR",9.79638810796666
"Daycent",5,51,"5_51",-3.31296578226713,-0.157674567901239,0.174244345679011,2.8,26.7301993,0.0100468482758698,-19.6232718,0.052093665134105,28.7,NA,NA,0.0267301993,-0.0196232718,-10.2666666666667,11.4672554997,-0.7064377848,"RR50-CR",0.494151048233334
"Daycent",5,52,"5_52",-3.20883821324358,-0.143605086419758,0.490073283950622,4.8,26.6370554,0.072279467586216,-15.5163225,0.144061965517258,30.7,NA,NA,0.0266370554,-0.0155163225,-17.6,11.4272967666,-0.55858761,"RR25-CR",-6.7312908434
"Daycent",5,53,"5_53",-3.06345517396187,-0.144075901234574,0.726885530864195,4.9,27.7908467,0.288620844137942,-11.8207081,0.18925701762455,30.8,NA,NA,0.0277908467,-0.0118207081,-17.9666666666667,11.9222732343,-0.4255454916,"RR00-CR",-6.46993892396667
"APSIM",1,1,"1_1",0.644565656565668,-0.0266000000000068,-0.209066666666679,3,29.87216,0.894968137931042,-21.9903502,NA,29,NA,NA,0.02987216,-0.0219903502,-11,12.81515664,-0.7916526072,"CR",1.0235040328
"Millennial",1,1,"1_1",NA,NA,NA,2.60285684284,27.1527754,NA,-21.9903502,NA,68.2569505018807,NA,NA,0.0271527754,-0.0219903502,-9.54380842374667,11.6485406466,-0.7916526072,"CR",1.31307961565333
"RothC",1,1,"1_1",NA,NA,NA,-1.4258,27.1527754,NA,-21.9903502,NA,22.2391,NA,NA,0.0271527754,-0.0219903502,5.22793333333333,11.6485406466,-0.7916526072,"CR",16.0848213727333
"APSIM",1,2,"1_2",0.660460606060617,0.25931111111111,-0.109624242424253,2.1,27.3402,0.628099310344842,-79.5381241,NA,30.3,NA,NA,0.0273402,-0.0795381241,-7.7,11.7289458,-2.8633724676,"NT-CR",1.1655733324
"Millennial",1,2,"1_2",NA,NA,NA,2.63475199992399,22.4910627,NA,-79.5381241,NA,68.2169107482759,NA,NA,0.0224910627,-0.0795381241,-9.66075733305463,9.6486658983,-2.8633724676,"NT-CR",-2.87546390235463
"RothC",1,2,"1_2",NA,NA,NA,-0.682399999999998,22.4910627,NA,-79.5381241,NA,27.9601,NA,NA,0.0224910627,-0.0795381241,2.50213333333333,9.6486658983,-2.8633724676,"NT-CR",9.28742676403333
"APSIM",1,3,"1_3",1.39988686868688,-0.701400000000021,-0.317559595959608,1.7,13.0936,0.240631034482765,-11.6198056,NA,27.9,NA,NA,0.0130936,-0.0116198056,-6.23333333333333,5.6171544,-0.4183130016,"CC-CR",-1.03449193493333
"Millennial",1,3,"1_3",NA,NA,NA,1.14411619600131,16.77205045,NA,-11.6198056,NA,71.597005780722,NA,NA,0.01677205045,-0.0116198056,-4.19509271867147,7.19520964305,-0.4183130016,"CC-CR",2.58180392277853
"RothC",1,3,"1_3",NA,NA,NA,-0.2637,16.77205045,NA,-11.6198056,NA,29.5071,NA,NA,0.01677205045,-0.0116198056,0.9669,7.19520964305,-0.4183130016,"CC-CR",7.74379664145
"APSIM",1,41,"1_41",0.763014141414153,-0.0266000000000068,-0.232937373737386,2.9,28.05542,0.818243034482766,-22.2461363,NA,28.9,NA,NA,0.02805542,-0.0222461363,-10.6333333333333,12.03577518,-0.8008609068,"RF05-CR",0.601580939866669
"Millennial",1,41,"1_41",NA,NA,NA,2.1477815651963,25.7966354,NA,-22.2461363,NA,67.801875224237,NA,NA,0.0257966354,-0.0222461363,-7.87519907238643,11.0667565866,-0.8008609068,"RF05-CR",2.39069660741357
"RothC",1,41,"1_41",NA,NA,NA,-1.5074,25.7966354,NA,-22.2461363,NA,22.1575,NA,NA,0.0257966354,-0.0222461363,5.52713333333333,11.0667565866,-0.8008609068,"RF05-CR",15.7930290131333
"APSIM",1,42,"1_42",0.924905050505075,-0.0266000000000068,-0.251151515151527,2.7,25.03517,0.701970896551735,-22.6903037,NA,28.7,NA,NA,0.02503517,-0.0226903037,-9.9,10.74008793,-0.8168509332,"RF15-CR",0.023236996800001
"Millennial",1,42,"1_42",NA,NA,NA,1.1392403140766,23.37445745,NA,-22.6903037,NA,66.7933339731173,NA,NA,0.02337445745,-0.0226903037,-4.17721448494753,10.02764224605,-0.8168509332,"RF15-CR",5.03357682790247
"RothC",1,42,"1_42",NA,NA,NA,-1.6854,23.37445745,NA,-22.6903037,NA,21.9795,NA,NA,0.02337445745,-0.0226903037,6.1798,10.02764224605,-0.8168509332,"RF15-CR",15.39059131285
"APSIM",1,43,"1_43",1.05902222222224,-0.0266000000000068,-0.225753535353547,2.5,22.5254,0.59663944827587,-23.2402274,NA,28.5,NA,NA,0.0225254,-0.0232402274,-9.16666666666667,9.6633966,-0.8366481864,"RF25-CR",-0.339918253066665
"Millennial",1,43,"1_43",NA,NA,NA,-0.0385900039014899,21.22122815,NA,-23.2402274,NA,65.6155036551392,NA,NA,0.02122122815,-0.0232402274,0.14149668097213,9.10390687635,-0.8366481864,"RF25-CR",8.40875537092213
"RothC",1,43,"1_43",NA,NA,NA,-1.8939,21.22122815,NA,-23.2402274,NA,21.771,NA,NA,0.02122122815,-0.0232402274,6.9443,9.10390687635,-0.8366481864,"RF25-CR",15.21155868995
"APSIM",1,44,"1_44",1.28290909090911,-0.0266000000000068,-0.178408080808092,2.3,20.61651,0.493824965517255,-24.1032956,NA,28.3,NA,NA,0.02061651,-0.0241032956,-8.43333333333333,8.84448279,-0.8677186416,"RF35-CR",-0.456569184933331
"Millennial",1,44,"1_44",NA,NA,NA,-1.29028424922809,19.38817175,NA,-24.1032956,NA,64.3638094098126,NA,NA,0.01938817175,-0.0241032956,4.73104224716966,8.31752568075,-0.8677186416,"RF35-CR",12.1808492863197
"RothC",1,44,"1_44",NA,NA,NA,-2.1144,19.38817175,NA,-24.1032956,NA,21.5505,NA,NA,0.01938817175,-0.0241032956,7.7528,8.31752568075,-0.8677186416,"RF35-CR",15.20260703915
"APSIM",1,51,"1_51",0.691345454545463,-0.0266000000000068,-0.214723232323246,3.6,31.71467,0.966791034482769,-17.3000973,NA,30.6,NA,NA,0.03171467,-0.0173000973,-13.2,13.60559343,-0.6228035028,"RR50-CR",-0.217210072799998
"Millennial",1,51,"1_51",NA,NA,NA,4.349909329884,28.2214064,NA,-17.3000973,NA,70.0040029889247,NA,NA,0.0282214064,-0.0173000973,-15.949667542908,12.1069833456,-0.6228035028,"RR50-CR",-4.465487700108
"RothC",1,51,"1_51",NA,NA,NA,-1.2638,28.2214064,NA,-17.3000973,NA,22.4011,NA,NA,0.0282214064,-0.0173000973,4.63393333333333,12.1069833456,-0.6228035028,"RR50-CR",16.1181131761333
"APSIM",1,52,"1_52",0.747628282828295,-0.0267555555555608,-0.331701010101028,4.4,35.35754,1.10081696551725,-13.0619217,NA,33.1,NA,NA,0.03535754,-0.0130619217,-16.1333333333333,15.16838466,-0.4702291812,"RR25-CR",-1.43517785453333
"Millennial",1,52,"1_52",NA,NA,NA,7.53584997149861,29.79248785,NA,-13.0619217,NA,73.1899436305393,NA,NA,0.02979248785,-0.0130619217,-27.6314498954949,12.78097728765,-0.4702291812,"RR25-CR",-15.3207017890449
"RothC",1,52,"1_52",NA,NA,NA,-1.0685,29.79248785,NA,-13.0619217,NA,22.5964,NA,NA,0.02979248785,-0.0130619217,3.91783333333333,12.78097728765,-0.4702291812,"RR25-CR",16.2285814397833
"APSIM",1,53,"1_53",0.836549494949502,-0.0262888888888941,-0.408008080808095,5.6,42.53287,1.32197172413795,-9.0004733,NA,37.1,NA,NA,0.04253287,-0.0090004733,-20.5333333333333,18.24660123,-0.3240170388,"RR00-CR",-2.61074914213333
"Millennial",1,53,"1_53",NA,NA,NA,11.127273626363,33.0619254,NA,-9.0004733,NA,76.7813672854037,NA,NA,0.0330619254,-0.0090004733,-40.8000032966643,14.1835659966,-0.3240170388,"RR00-CR",-26.9404543388643
"RothC",1,53,"1_53",NA,NA,NA,-0.901899999999998,33.0619254,NA,-9.0004733,NA,22.763,NA,NA,0.0330619254,-0.0090004733,3.30696666666666,14.1835659966,-0.3240170388,"RR00-CR",17.1665156244667
"APSIM",1,61,"1_61",0.705147474747484,-0.0300222222222284,-0.1424888888889,2,28.58716,0.938002620689658,NA,NA,38.9,NA,NA,0.02858716,NA,-7.33333333333333,12.26389164,NA,"BC19-CR",4.93055830666667
"APSIM",1,62,"1_62",0.747571717171724,-0.0350000000000064,-0.136832323232335,1.2,27.63013,0.94424551724139,NA,NA,48.9,NA,NA,0.02763013,NA,-4.4,11.85332577,NA,"BC38-CR",7.45332577
"APSIM",1,63,"1_63",0.766521212121219,-0.0398222222222286,-0.127272727272739,0.5,26.80293,0.940308551724142,NA,NA,58.8,NA,NA,0.02680293,NA,-1.83333333333333,11.49845697,NA,"BC57-CR",9.66512363666667
"APSIM",1,64,"1_64",0.783434343434351,-0.0438666666666738,-0.115620202020212,-0.100000000000009,26.13351,0.931688551724146,NA,NA,68.3,NA,NA,0.02613351,NA,0.3666666666667,11.21127579,NA,"BC76-CR",11.5779424566667
"APSIM",1,65,"1_65",0.79242828282829,-0.0482222222222277,-0.104533333333346,-0.700000000000003,25.57924,0.926355172413809,NA,NA,78.1,NA,NA,0.02557924,NA,2.56666666666668,10.97349396,NA,"BC96-CR",13.5401606266667
"APSIM",2,1,"2_1",-0.750682828282841,0.391222222222229,0.72279595959597,2.8,30.56532,0.484929793103445,-20.0025745,NA,28.8,NA,NA,0.03056532,-0.0200025745,-10.2666666666667,13.11252228,-0.720092682,"CR",2.12576293133333
"Millennial",2,1,"2_1",NA,NA,NA,-0.855223614892097,27.6141716,NA,-20.0025745,NA,64.7945948856129,NA,NA,0.0276141716,-0.0200025745,3.13581992127102,11.8464796164,-0.720092682,"CR",14.262206855671
"RothC",2,1,"2_1",NA,NA,NA,-1.2315,27.6141716,NA,-20.0025745,NA,22.4328,NA,NA,0.0276141716,-0.0200025745,4.5155,11.8464796164,-0.720092682,"CR",15.6418869344
"APSIM",2,2,"2_2",-0.801705050505056,0.284511111111108,0.626294949494955,2.2,26.40236,0.382546068965519,-75.8557516,NA,30.4,NA,NA,0.02640236,-0.0758557516,-8.06666666666667,11.32661244,-2.7308070576,"NT-CR",0.529138715733335
"Millennial",2,2,"2_2",NA,NA,NA,0.408359454549199,22.30705835,NA,-75.8557516,NA,65.9886838747161,NA,NA,0.02230705835,-0.0758557516,-1.49731800001373,9.56972803215,-2.7308070576,"NT-CR",5.34160297453627
"RothC",2,2,"2_2",NA,NA,NA,-0.349900000000002,22.30705835,NA,-75.8557516,NA,28.2917,NA,NA,0.02230705835,-0.0758557516,1.28296666666667,9.56972803215,-2.7308070576,"NT-CR",8.12188764121667
"APSIM",2,3,"2_3",-0.372484848484852,0.186044444444454,0.614303030303034,1.5,13.89905,0.147057241379312,-10.8762565,NA,27.8,NA,NA,0.01389905,-0.0108762565,-5.5,5.96269245,-0.391545234,"CC-CR",0.0711472160000005
"Millennial",2,3,"2_3",NA,NA,NA,-1.6599197841516,16.90959065,NA,-10.8762565,NA,68.7904286906289,NA,NA,0.01690959065,-0.0108762565,6.0863725418892,7.25421438885,-0.391545234,"CC-CR",12.9490416967392
"RothC",2,3,"2_3",NA,NA,NA,-1.04,16.90959065,NA,-10.8762565,NA,28.7283,NA,NA,0.01690959065,-0.0108762565,3.81333333333333,7.25421438885,-0.391545234,"CC-CR",10.6760024881833
"APSIM",2,41,"2_41",-0.788355555555569,0.391222222222229,0.696606060606065,2.7,29.00221,0.463596551724135,-20.2168521,NA,28.7,NA,NA,0.02900221,-0.0202168521,-9.9,12.44194809,-0.7278066756,"RF05-CR",1.8141414144
"Millennial",2,41,"2_41",NA,NA,NA,-1.2824947886691,26.3705512,NA,-20.2168521,NA,64.3673237118359,NA,NA,0.0263705512,-0.0202168521,4.7024808917867,11.3129664648,-0.7278066756,"RF05-CR",15.2876406809867
"RothC",2,41,"2_41",NA,NA,NA,-1.3199,26.3705512,NA,-20.2168521,NA,22.3444,NA,NA,0.0263705512,-0.0202168521,4.83963333333333,11.3129664648,-0.7278066756,"RF05-CR",15.4247931225333
"APSIM",2,42,"2_42",-0.761034343434346,0.391222222222229,0.656783838383852,2.6,26.21699,0.407811586206899,-20.6308737,NA,28.6,NA,NA,0.02621699,-0.0206308737,-9.53333333333333,11.24708871,-0.7427114532,"RF15-CR",0.971043923466667
"Millennial",2,42,"2_42",NA,NA,NA,-2.25103831835939,24.04087415,NA,-20.6308737,NA,63.3987801821456,NA,NA,0.02404087415,-0.0206308737,8.25380716731776,10.31353501035,-0.7427114532,"RF15-CR",17.8246307244678
"RothC",2,42,"2_42",NA,NA,NA,-1.5188,24.04087415,NA,-20.6308737,NA,22.1455,NA,NA,0.02404087415,-0.0206308737,5.56893333333333,10.31353501035,-0.7427114532,"RF15-CR",15.1397568904833
"APSIM",2,43,"2_43",-0.590206060606072,0.391222222222229,0.599482828282838,2.4,23.90328,0.352246344827588,-21.1315886,NA,28.4,NA,NA,0.02390328,-0.0211315886,-8.8,10.25450712,-0.7607371896,"RF25-CR",0.693769930399999
"Millennial",2,43,"2_43",NA,NA,NA,-3.30096432168569,21.9546792,NA,-21.1315886,NA,62.3488541788193,NA,NA,0.0219546792,-0.0211315886,12.1035358461809,9.4185573768,-0.7607371896,"RF25-CR",20.7613560333809
"RothC",2,43,"2_43",NA,NA,NA,-1.7321,21.9546792,NA,-21.1315886,NA,21.9322,NA,NA,0.0219546792,-0.0211315886,6.35103333333333,9.4185573768,-0.7607371896,"RF25-CR",15.0088535205333
"APSIM",2,44,"2_44",-0.37163636363637,0.391222222222229,0.547555555555562,2.2,22.12974,0.299635310344835,-22.1472607,NA,28.2,NA,NA,0.02212974,-0.0221472607,-8.06666666666667,9.49365846,-0.7973013852,"RF35-CR",0.629690408133332
"Millennial",2,44,"2_44",NA,NA,NA,-4.53140777449948,20.12442755,NA,-22.1472607,NA,61.1184107260055,NA,NA,0.02012442755,-0.0221472607,16.6151618398314,8.63337941895,-0.7973013852,"RF35-CR",24.4512398735814
"RothC",2,44,"2_44",NA,NA,NA,-1.9774,20.12442755,NA,-22.1472607,NA,21.6869,NA,NA,0.02012442755,-0.0221472607,7.25046666666667,8.63337941895,-0.7973013852,"RF35-CR",15.0865447004167
"APSIM",2,51,"2_51",-0.747741414141423,0.391222222222229,0.74180202020203,3.3,32.24216,0.492659310344832,-15.2578569,NA,30.3,NA,NA,0.03224216,-0.0152578569,-12.1,13.83188664,-0.5492828484,"RR50-CR",1.1826037916
"Millennial",2,51,"2_51",NA,NA,NA,0.871307077862411,28.6298263,NA,-15.2578569,NA,66.5211255783674,NA,NA,0.0286298263,-0.0152578569,-3.19479261882884,12.2821954827,-0.5492828484,"RR50-CR",8.53812001547116
"RothC",2,51,"2_51",NA,NA,NA,-1.051,28.6298263,NA,-15.2578569,NA,22.6133,NA,NA,0.0286298263,-0.0152578569,3.85366666666667,12.2821954827,-0.5492828484,"RR50-CR",15.5865793009667
"APSIM",2,52,"2_52",-0.740161616161622,0.391377777777787,0.777268686868702,4.1,35.5634,0.502758068965522,-10.7332115,NA,32.7,NA,NA,0.0355634,-0.0107332115,-15.0333333333333,15.2566986,-0.386395614,"RR25-CR",-0.16303034733333
"Millennial",2,52,"2_52",NA,NA,NA,3.85122758009891,30.2445201,NA,-10.7332115,NA,69.5010460806039,NA,NA,0.0302445201,-0.0107332115,-14.121167793696,12.9748991229,-0.386395614,"RR25-CR",-1.532664284796
"RothC",2,52,"2_52",NA,NA,NA,-0.827400000000001,30.2445201,NA,-10.7332115,NA,22.8369,NA,NA,0.0302445201,-0.0107332115,3.0338,12.9748991229,-0.386395614,"RR25-CR",15.6223035089
"APSIM",2,53,"2_53",-0.721947474747481,0.390755555555565,0.845204040404049,5.3,42.0771,0.529069655172418,-6.5600821,NA,36.7,NA,NA,0.0420771,-0.0065600821,-19.4333333333333,18.0510759,-0.2361629556,"RR00-CR",-1.61842038893333
"Millennial",2,53,"2_53",NA,NA,NA,7.27572062186601,33.0589672,NA,-6.5600821,NA,72.925539122371,NA,NA,0.0330589672,-0.0065600821,-26.6776422801754,14.1822969288,-0.2361629556,"RR00-CR",-12.7315083069754
"RothC",2,53,"2_53",NA,NA,NA,-0.600300000000001,33.0589672,NA,-6.5600821,NA,23.064,NA,NA,0.0330589672,-0.0065600821,2.2011,14.1822969288,-0.2361629556,"RR00-CR",16.1472339732
"APSIM",2,61,"2_61",-0.695474747474748,0.388888888888896,0.811094949494958,1.8,29.23399,0.544906206896558,NA,NA,38.7,NA,NA,0.02923399,NA,-6.6,12.54138171,NA,"BC19-CR",5.94138171
"APSIM",2,62,"2_62",-0.675337373737378,0.384377777777782,0.828121212121218,0.899999999999999,28.0968,0.544190896551729,NA,NA,48.6,NA,NA,0.0280968,NA,-3.3,12.0535272,NA,"BC38-CR",8.7535272
"APSIM",2,63,"2_63",-0.663684848484863,0.380800000000004,0.84260202020203,0.100000000000001,27.29548,0.546775172413792,NA,NA,58.4,NA,NA,0.02729548,NA,-0.36666666666667,11.70976092,NA,"BC57-CR",11.3430942533333
"APSIM",2,64,"2_64",-0.6593292929293,0.37722222222223,0.852896969696985,-0.5,26.63102,0.543035586206897,NA,NA,67.9,NA,NA,0.02663102,NA,1.83333333333333,11.42470758,NA,"BC76-CR",13.2580409133333
"APSIM",2,65,"2_65",-0.65463434343436,0.374577777777784,0.865793939393953,-1.2,26.06009,0.539997655172417,NA,NA,77.6,NA,NA,0.02606009,NA,4.4,11.17977861,NA,"BC96-CR",15.57977861
"APSIM",3,1,"3_1",-1.11949090909089,0.532622222222244,0.420000000000002,3,36.4633,0.210340965517233,-18.9465662,NA,29,NA,NA,0.0364633,-0.0189465662,-11,15.6427557,-0.6820763832,"CR",3.9606793168
"Millennial",3,1,"3_1",NA,NA,NA,-1.80462548567419,30.5675813,NA,-18.9465662,NA,63.8428864922934,NA,NA,0.0305675813,-0.0189465662,6.6169601141387,13.1134923777,-0.6820763832,"CR",19.0483761086387
"RothC",3,1,"3_1",NA,NA,NA,-1.6499,30.5675813,NA,-18.9465662,NA,22.0142,NA,NA,0.0305675813,-0.0189465662,6.04963333333333,13.1134923777,-0.6820763832,"CR",18.4810493278333
"APSIM",3,2,"3_2",-0.827216161616143,-0.533244444444428,0.667361616161628,2.4,31.49868,0.216646344827583,-78.13632,NA,30.6,NA,NA,0.03149868,-0.07813632,-8.8,13.51293372,-2.81290752,"NT-CR",1.9000262
"Millennial",3,2,"3_2",NA,NA,NA,0.295394845369401,25.04912185,NA,-78.13632,NA,65.8753628540134,NA,NA,0.02504912185,-0.07813632,-1.08311443302114,10.74607327365,-2.81290752,"NT-CR",6.85005132062886
"RothC",3,2,"3_2",NA,NA,NA,-0.950600000000001,25.04912185,NA,-78.13632,NA,27.691,NA,NA,0.02504912185,-0.07813632,3.48553333333334,10.74607327365,-2.81290752,"NT-CR",11.4186990869833
"APSIM",3,3,"3_3",-0.461292929292924,0.946866666666679,0.226375757575756,1.4,16.5199,-0.0671348965517282,-7.9650364,NA,27.7,NA,NA,0.0165199,-0.0079650364,-5.13333333333333,7.0870371,-0.2867413104,"CC-CR",1.66696245626667
"Millennial",3,3,"3_3",NA,NA,NA,-0.305383495425488,19.0739963,NA,-7.9650364,NA,70.143542648326,NA,NA,0.0190739963,-0.0079650364,1.11973948322679,8.1827444127,-0.2867413104,"CC-CR",9.01574258552679
"RothC",3,3,"3_3",NA,NA,NA,-0.465600000000002,19.0739963,NA,-7.9650364,NA,29.3023,NA,NA,0.0190739963,-0.0079650364,1.70720000000001,8.1827444127,-0.2867413104,"CC-CR",9.60320310230001
"APSIM",3,41,"3_41",-1.16321616161615,0.532622222222244,0.380290909090906,2.9,34.79149,0.203528827586198,-19.1884888,NA,28.9,NA,NA,0.03479149,-0.0191884888,-10.6333333333333,14.92554921,-0.6907855968,"RF05-CR",3.60143027986667
"Millennial",3,41,"3_41",NA,NA,NA,-2.20860779644669,29.2569768,NA,-19.1884888,NA,63.4389041815209,NA,NA,0.0292569768,-0.0191884888,8.0982285869712,12.5512430472,-0.6907855968,"RF05-CR",19.9586860373712
"RothC",3,41,"3_41",NA,NA,NA,-1.7247,29.2569768,NA,-19.1884888,NA,21.9394,NA,NA,0.0292569768,-0.0191884888,6.3239,12.5512430472,-0.6907855968,"RF05-CR",18.1843574504
"APSIM",3,42,"3_42",-1.14986666666665,0.532622222222244,0.358909090909091,2.7,31.43195,0.147791862068958,-19.6378857,NA,28.7,NA,NA,0.03143195,-0.0196378857,-9.9,13.48430655,-0.7069638852,"RF15-CR",2.8773426648
"Millennial",3,42,"3_42",NA,NA,NA,-3.1346812665585,26.6171246,NA,-19.6378857,NA,62.5128307114091,NA,NA,0.0266171246,-0.0196378857,11.4938313107145,11.4187464534,-0.7069638852,"RF15-CR",22.2056138789145
"RothC",3,42,"3_42",NA,NA,NA,-1.882,26.6171246,NA,-19.6378857,NA,21.7821,NA,NA,0.0266171246,-0.0196378857,6.90066666666667,11.4187464534,-0.7069638852,"RF15-CR",17.6124492348667
"APSIM",3,43,"3_43",-1.13312323232323,0.532622222222244,0.310997979797978,2.4,28.76486,0.102516965517235,-20.1161692,NA,28.4,NA,NA,0.02876486,-0.0201161692,-8.8,12.34012494,-0.7241820912,"RF25-CR",2.8159428488
"Millennial",3,43,"3_43",NA,NA,NA,-4.1939857123358,24.3392178,NA,-20.1161692,NA,61.4535262656318,NA,NA,0.0243392178,-0.0201161692,15.3779476118979,10.4415244362,-0.7241820912,"RF25-CR",25.0952899568979
"RothC",3,43,"3_43",NA,NA,NA,-2.0715,24.3392178,NA,-20.1161692,NA,21.5926,NA,NA,0.0243392178,-0.0201161692,7.5955,10.4415244362,-0.7241820912,"RF25-CR",17.312842345
"APSIM",3,44,"3_44",-1.02287676767676,0.532622222222244,0.17490101010101,2.2,26.62069,0.0774132413793041,-21.0994343,NA,28.2,NA,NA,0.02662069,-0.0210994343,-8.06666666666667,11.42027601,-0.7595796348,"RF35-CR",2.59402970853333
"Millennial",3,44,"3_44",NA,NA,NA,-5.37831738287409,22.33371825,NA,-21.0994343,NA,60.2691945950935,NA,NA,0.02233371825,-0.0210994343,19.7204970705383,9.58116512925,-0.7595796348,"RF35-CR",28.5420825649883
"RothC",3,44,"3_44",NA,NA,NA,-2.2774,22.33371825,NA,-21.0994343,NA,21.3867,NA,NA,0.02233371825,-0.0210994343,8.35046666666667,9.58116512925,-0.7595796348,"RF35-CR",17.1720521611167
"APSIM",3,51,"3_51",-1.11643636363635,0.532155555555576,0.398674747474747,3.3,37.59573,0.183459172413785,-14.049478,NA,30.3,NA,NA,0.03759573,-0.014049478,-12.1,16.12856817,-0.505781208,"RR50-CR",3.522786962
"Millennial",3,51,"3_51",NA,NA,NA,-0.174704111283404,31.344631,NA,-14.049478,NA,65.4728078666842,NA,NA,0.031344631,-0.014049478,0.640581741372481,13.446846699,-0.505781208,"RR50-CR",13.5816472323725
"RothC",3,51,"3_51",NA,NA,NA,-1.4392,31.344631,NA,-14.049478,NA,22.2249,NA,NA,0.031344631,-0.014049478,5.27706666666667,13.446846699,-0.505781208,"RR50-CR",18.2181321576667
"APSIM",3,52,"3_52",-1.12509090909089,0.532155555555576,0.388549494949494,3.8,40.0881,0.128748827586196,-9.7098837,NA,32.4,NA,NA,0.0400881,-0.0097098837,-13.9333333333333,17.1977949,-0.3495558132,"RR25-CR",2.91490575346667
"Millennial",3,52,"3_52",NA,NA,NA,2.59772586990699,32.82140245,NA,-9.7098837,NA,68.2452378478746,NA,NA,0.03282140245,-0.0097098837,-9.52499485632563,14.08038165105,-0.3495558132,"RR25-CR",4.20583098152437
"RothC",3,52,"3_52",NA,NA,NA,-1.2643,32.82140245,NA,-9.7098837,NA,22.3998,NA,NA,0.03282140245,-0.0097098837,4.63576666666667,14.08038165105,-0.3495558132,"RR25-CR",18.3665925045167
"APSIM",3,53,"3_53",-1.12803232323232,0.531222222222247,0.449470707070709,4.3,45.41903,0.0105715862068845,-5.6936321,NA,35.8,NA,NA,0.04541903,-0.0056936321,-15.7666666666667,19.48476387,-0.2049707556,"RR00-CR",3.51312644773333
"Millennial",3,53,"3_53",NA,NA,NA,5.59927472604481,36.5371703,NA,-5.6936321,NA,71.2467867040124,NA,NA,0.0365371703,-0.0056936321,-20.5306739954976,15.6744460587,-0.2049707556,"RR00-CR",-5.06119869239764
"RothC",3,53,"3_53",NA,NA,NA,-1.108,36.5371703,NA,-5.6936321,NA,22.5561,NA,NA,0.0365371703,-0.0056936321,4.06266666666667,15.6744460587,-0.2049707556,"RR00-CR",19.5321419697667
"APSIM",3,61,"3_61",-1.11247676767675,0.532466666666693,0.46061414141414,2,34.55601,0.284797793103444,NA,NA,38.9,NA,NA,0.03455601,NA,-7.33333333333333,14.82452829,NA,"BC19-CR",7.49119495666667
"APSIM",3,62,"3_62",-1.09284848484847,0.53044444444447,0.473680808080807,1.09999999999999,33.50261,0.316212137931027,NA,NA,48.8,NA,NA,0.03350261,NA,-4.0333333333333,14.37261969,NA,"BC38-CR",10.3392863566667
"APSIM",3,63,"3_63",-1.08142222222222,0.530755555555579,0.470852525252525,0.300000000000004,32.60428,0.33181517241379,NA,NA,58.6,NA,NA,0.03260428,NA,-1.10000000000001,13.98723612,NA,"BC57-CR",12.88723612
"APSIM",3,64,"3_64",-1.07633131313129,0.530600000000021,0.472662626262633,-0.5,31.8563,0.337513931034478,NA,NA,68,NA,NA,0.0318563,NA,1.83333333333333,13.6663527,NA,"BC76-CR",15.4996860333333
"APSIM",3,65,"3_65",-1.0689212121212,0.53122222222224,0.469947474747471,-1.09999999999999,31.20643,0.341960413793098,NA,NA,77.7,NA,NA,0.03120643,NA,4.0333333333333,13.38755847,NA,"BC96-CR",17.4208918033333
"APSIM",4,1,"4_1",-1.86067070707074,-0.206577777777799,0.00322424242424546,3,30.15718,0.279996965517254,-23.2079692,NA,29,NA,NA,0.03015718,-0.0232079692,-11,12.93743022,-0.8354868912,"CR",1.1019433288
"Millennial",4,1,"4_1",NA,NA,NA,-2.8630847342578,27.9534498,NA,-23.2079692,NA,62.7814981174378,NA,NA,0.0279534498,-0.0232079692,10.4979773589453,11.9920299642,-0.8354868912,"CR",21.6545204319453
"RothC",4,1,"4_1",NA,NA,NA,-1.9456,27.9534498,NA,-23.2079692,NA,21.7185,NA,NA,0.0279534498,-0.0232079692,7.13386666666667,11.9920299642,-0.8354868912,"CR",18.2904097396667
"APSIM",4,2,"4_2",-2.09225050505052,-0.443800000000024,-0.0215515151515122,2.4,27.27999,0.174116413793115,-80.2188867,NA,30.6,NA,NA,0.02727999,-0.0802188867,-8.8,11.70311571,-2.8878799212,"NT-CR",0.0152357888000014
"Millennial",4,2,"4_2",NA,NA,NA,-0.688085728694205,23.8756126,NA,-80.2188867,NA,64.8894663623943,NA,NA,0.0238756126,-0.0802188867,2.52298100521209,10.2426378054,-2.8878799212,"NT-CR",9.87773888941208
"RothC",4,2,"4_2",NA,NA,NA,-1.6692,23.8756126,NA,-80.2188867,NA,26.972,NA,NA,0.0238756126,-0.0802188867,6.1204,10.2426378054,-2.8878799212,"NT-CR",13.4751578842
"APSIM",4,3,"4_3",-0.614472727272734,0.338644444444448,0.0845656565656601,1.4,13.43534,-0.0793431724137854,-16.8988087,NA,27.6,NA,NA,0.01343534,-0.0168988087,-5.13333333333333,5.76376086,-0.6083571132,"CC-CR",0.0220704134666668
"Millennial",4,3,"4_3",NA,NA,NA,-2.5186334068913,15.7492692,NA,-16.8988087,NA,67.9286076413034,NA,NA,0.0157492692,-0.0168988087,9.23498915860143,6.7564364868,-0.6083571132,"CC-CR",15.3830685322014
"RothC",4,3,"4_3",NA,NA,NA,-1.7063,15.7492692,NA,-16.8988087,NA,28.0631,NA,NA,0.0157492692,-0.0168988087,6.25643333333333,6.7564364868,-0.6083571132,"CC-CR",12.4045127069333
"APSIM",4,41,"4_41",-1.84058989898992,-0.206577777777799,-0.0165737373737356,2.9,28.44233,0.246007172413807,-23.4584531,NA,28.9,NA,NA,0.02844233,-0.0234584531,-10.6333333333333,12.20175957,-0.8445043116,"RF05-CR",0.723921925066667
"Millennial",4,41,"4_41",NA,NA,NA,-3.2305604167279,26.5933035,NA,-23.4584531,NA,62.4140224349677,NA,NA,0.0265933035,-0.0234584531,11.845388194669,11.4085272015,-0.8445043116,"RF05-CR",22.409411084569
"RothC",4,41,"4_41",NA,NA,NA,-2.0167,26.5933035,NA,-23.4584531,NA,21.6474,NA,NA,0.0265933035,-0.0234584531,7.39456666666667,11.4085272015,-0.8445043116,"RF05-CR",17.9585895565667
"APSIM",4,42,"4_42",-1.72638383838384,-0.206577777777799,-0.0317898989898975,2.7,25.24575,0.154060137931045,-23.8149876,NA,28.7,NA,NA,0.02524575,-0.0238149876,-9.9,10.83042675,-0.8573395536,"RF15-CR",0.0730871963999989
"Millennial",4,42,"4_42",NA,NA,NA,-4.0792709064064,23.98504075,NA,-23.8149876,NA,61.5653119452892,NA,NA,0.02398504075,-0.0238149876,14.9573266568235,10.28958248175,-0.8573395536,"RF15-CR",24.3895695849735
"RothC",4,42,"4_42",NA,NA,NA,-2.1698,23.98504075,NA,-23.8149876,NA,21.4943,NA,NA,0.02398504075,-0.0238149876,7.95593333333333,10.28958248175,-0.8573395536,"RF15-CR",17.3881762614833
"APSIM",4,43,"4_43",-1.52812121212121,-0.206577777777799,0.00905050505050653,2.4,22.5545,0.0846790344827686,-24.2243597,NA,28.4,NA,NA,0.0225545,-0.0242243597,-8.8,9.6758805,-0.8720769492,"RF25-CR",0.00380355080000283
"Millennial",4,43,"4_43",NA,NA,NA,-5.0526742584774,21.6411002,NA,-24.2243597,NA,60.5919085932182,NA,NA,0.0216411002,-0.0242243597,18.5264722810838,9.2840319858,-0.8720769492,"RF25-CR",26.9384273176838
"RothC",4,43,"4_43",NA,NA,NA,-2.3531,21.6411002,NA,-24.2243597,NA,21.311,NA,NA,0.0216411002,-0.0242243597,8.62803333333333,9.2840319858,-0.8720769492,"RF25-CR",17.0399883699333
"APSIM",4,44,"4_44",-1.25027070707071,-0.206577777777799,0.102044444444449,2.2,20.68757,0.0262096551724226,-25.1609794,NA,28.2,NA,NA,0.02068757,-0.0251609794,-8.06666666666667,8.87496753,-0.9057952584,"RF35-CR",-0.0974943950666654
"Millennial",4,44,"4_44",NA,NA,NA,-6.1809874633088,19.69699485,NA,-25.1609794,NA,59.4635953883868,NA,NA,0.01969699485,-0.0251609794,22.6636206987989,8.45001079065,-0.9057952584,"RF35-CR",30.2078362310489
"RothC",4,44,"4_44",NA,NA,NA,-2.545,19.69699485,NA,-25.1609794,NA,21.1191,NA,NA,0.01969699485,-0.0251609794,9.33166666666667,8.45001079065,-0.9057952584,"RF35-CR",16.8758821989167
"APSIM",4,51,"4_51",-1.87243636363635,-0.206577777777799,-0.173599999999999,3.4,32.02227,0.262299448275873,-19.1797562,NA,30.4,NA,NA,0.03202227,-0.0191797562,-12.4666666666667,13.73755383,-0.6904712232,"RR50-CR",0.580415940133335
"Millennial",4,51,"4_51",NA,NA,NA,-1.4106335918473,29.0817968,NA,-19.1797562,NA,64.2339492598483,NA,NA,0.0290817968,-0.0191797562,5.17232317010677,12.4760908272,-0.6904712232,"RR50-CR",16.9579427741068
"RothC",4,51,"4_51",NA,NA,NA,-1.816,29.0817968,NA,-19.1797562,NA,21.8481,NA,NA,0.0290817968,-0.0191797562,6.65866666666667,12.4760908272,-0.6904712232,"RR50-CR",18.4442862706667
"APSIM",4,52,"4_52",-1.87633939393939,-0.206577777777799,-0.288937373737372,4,35.61098,0.223437103448286,-15.1495685,NA,32.6,NA,NA,0.03561098,-0.0151495685,-14.6666666666667,15.27711042,-0.545384466,"RR25-CR",0.0650592873333335
"Millennial",4,52,"4_52",NA,NA,NA,1.2396170709262,30.9377341,NA,-15.1495685,NA,66.8841999226218,NA,NA,0.0309377341,-0.0151495685,-4.54526259339607,13.2722879289,-0.545384466,"RR25-CR",8.18164086950393
"RothC",4,52,"4_52",NA,NA,NA,-1.7222,30.9377341,NA,-15.1495685,NA,21.9419,NA,NA,0.0309377341,-0.0151495685,6.31473333333333,13.2722879289,-0.545384466,"RR25-CR",19.0416367962333
"APSIM",4,53,"4_53",-1.87181414141415,-0.206577777777802,-0.303870707070704,4.9,42.52518,0.142138758620698,-11.442925,NA,36.3,NA,NA,0.04252518,-0.011442925,-17.9666666666667,18.24330222,-0.4119453,"RR00-CR",-0.135309746666672
"Millennial",4,53,"4_53",NA,NA,NA,4.1000716094083,34.20318215,NA,-11.442925,NA,69.7446544611039,NA,NA,0.03420318215,-0.011442925,-15.0335959011638,14.67316514235,-0.4119453,"RR00-CR",-0.772376058813763
"RothC",4,53,"4_53",NA,NA,NA,-1.5729,34.20318215,NA,-11.442925,NA,22.0912,NA,NA,0.03420318215,-0.011442925,5.7673,14.67316514235,-0.4119453,"RR00-CR",20.02851984235
"APSIM",4,61,"4_61",-1.92996363636365,-0.20766666666669,0.102044444444449,2.1,28.27882,0.281684827586221,NA,NA,38.9,NA,NA,0.02827882,NA,-7.7,12.13161378,NA,"BC19-CR",4.43161378
"APSIM",4,62,"4_62",-1.92487272727274,-0.208444444444465,0.12846060606061,1.09999999999999,27.32522,0.298517655172429,NA,NA,48.8,NA,NA,0.02732522,NA,-4.0333333333333,11.72251938,NA,"BC38-CR",7.6891860466667
"APSIM",4,63,"4_63",-1.91949898989898,-0.210311111111135,0.142206060606064,0.300000000000004,26.49749,0.297178620689669,NA,NA,58.6,NA,NA,0.02649749,NA,-1.10000000000001,11.36742321,NA,"BC57-CR",10.26742321
"APSIM",4,64,"4_64",-1.9124282828283,-0.211866666666689,0.153010101010102,-0.300000000000011,25.80583,0.2900067586207,NA,NA,68.1,NA,NA,0.02580583,NA,1.10000000000004,11.07070107,NA,"BC76-CR",12.17070107
"APSIM",4,65,"4_65",-1.90275555555556,-0.2121777777778,0.167377777777782,-0.900000000000006,25.21027,0.283506482758632,NA,NA,77.8,NA,NA,0.02521027,NA,3.30000000000002,10.81520583,NA,"BC96-CR",14.11520583
"APSIM",5,1,"5_1",-4.44589090909091,0.445666666666661,0.0256808080808089,2.6,41.26735,1.04847144827587,-23.9663303,NA,28.6,NA,NA,0.04126735,-0.0239663303,-9.53333333333333,17.70369315,-0.8627878908,"CR",7.30757192586667
"Millennial",5,1,"5_1",NA,NA,NA,-6.4661204756955,33.75132725,NA,-23.9663303,NA,59.1815311834811,NA,NA,0.03375132725,-0.0239663303,23.7091084108835,14.47931939025,-0.8627878908,"CR",37.3256399103335
"RothC",5,1,"5_1",NA,NA,NA,-2.1677,33.75132725,NA,-23.9663303,NA,21.4965,NA,NA,0.03375132725,-0.0239663303,7.94823333333333,14.47931939025,-0.8627878908,"CR",21.5647648327833
"APSIM",5,2,"5_2",-4.16362828282831,-0.427000000000017,-0.0791353535353556,2.4,36.56903,1.00481158620691,-83.0798065,NA,30.5,NA,NA,0.03656903,-0.0830798065,-8.8,15.68811387,-2.990873034,"NT-CR",3.897240836
"Millennial",5,2,"5_2",NA,NA,NA,-1.7099913331759,27.92456925,NA,-83.0798065,NA,63.8683814328201,NA,NA,0.02792456925,-0.0830798065,6.26996822164497,11.97964020825,-2.990873034,"NT-CR",15.258735395895
"RothC",5,2,"5_2",NA,NA,NA,-1.8264,27.92456925,NA,-83.0798065,NA,26.8149,NA,NA,0.02792456925,-0.0830798065,6.6968,11.97964020825,-2.990873034,"NT-CR",15.68556717425
"APSIM",5,3,"5_3",-5.40049292929297,0.458733333333328,0.0748363636363596,1.1,16.46172,0.173255586206902,-18.3971917,NA,27.3,NA,NA,0.01646172,-0.0183971917,-4.03333333333333,7.06207788,-0.6622989012,"CC-CR",2.36644564546667
"Millennial",5,3,"5_3",NA,NA,NA,-2.1008453786454,17.71976595,NA,-18.3971917,NA,68.3483028150457,NA,NA,0.01771976595,-0.0183971917,7.7030997216998,7.60177959255,-0.6622989012,"CC-CR",14.6425804130498
"RothC",5,3,"5_3",NA,NA,NA,-2.2191,17.71976595,NA,-18.3971917,NA,27.5496,NA,NA,0.01771976595,-0.0183971917,8.1367,7.60177959255,-0.6622989012,"CC-CR",15.07618069135
"APSIM",5,41,"5_41",-4.42948686868692,0.445666666666661,0.0317333333333307,2.6,39.05781,1.01094868965518,-24.1459573,NA,28.6,NA,NA,0.03905781,-0.0241459573,-9.53333333333333,16.75580049,-0.8692544628,"RF05-CR",6.35321269386667
"Millennial",5,41,"5_41",NA,NA,NA,-6.708895568683,32.13535945,NA,-24.1459573,NA,58.9387560904936,NA,NA,0.03213535945,-0.0241459573,24.5992837518377,13.78606920405,-0.8692544628,"RF05-CR",37.5160984930877
"RothC",5,41,"5_41",NA,NA,NA,-2.2225,32.13535945,NA,-24.1459573,NA,21.4417,NA,NA,0.03213535945,-0.0241459573,8.14916666666667,13.78606920405,-0.8692544628,"RF05-CR",21.0659814079167
"APSIM",5,42,"5_42",-4.38112323232326,0.445511111111109,0.0312242424242424,2.4,34.96556,0.933964275862076,-24.4760587,NA,28.4,NA,NA,0.03496556,-0.0244760587,-8.8,15.00022524,-0.8811381132,"RF15-CR",5.3190871268
"Millennial",5,42,"5_42",NA,NA,NA,-7.26885226543941,29.04251585,NA,-24.4760587,NA,58.3787993937372,NA,NA,0.02904251585,-0.0244760587,26.6524583066112,12.45923929965,-0.8811381132,"RF15-CR",38.2305594930612
"RothC",5,42,"5_42",NA,NA,NA,-2.341,29.04251585,NA,-24.4760587,NA,21.3232,NA,NA,0.02904251585,-0.0244760587,8.58366666666667,12.45923929965,-0.8811381132,"RF15-CR",20.1617678531167
"APSIM",5,43,"5_43",-4.31578989898998,0.445511111111109,0.030488888888887,2.2,31.46944,0.842600137931047,-24.955939,NA,28.2,NA,NA,0.03146944,-0.024955939,-8.06666666666667,13.50038976,-0.898413804,"RF25-CR",4.53530928933333
"Millennial",5,43,"5_43",NA,NA,NA,-7.96149077829021,26.2646213,NA,-24.955939,NA,57.6861608808864,NA,NA,0.0262646213,-0.024955939,29.1921328537308,11.2675225377,-0.898413804,"RF25-CR",39.5612415874308
"RothC",5,43,"5_43",NA,NA,NA,-2.5054,26.2646213,NA,-24.955939,NA,21.1588,NA,NA,0.0262646213,-0.024955939,9.18646666666667,11.2675225377,-0.898413804,"RF25-CR",19.5555754003667
"APSIM",5,44,"5_44",-4.23286464646469,0.445511111111109,0.00978585858585745,1.9,28.39139,0.734523034482772,-25.8957719,NA,27.9,NA,NA,0.02839139,-0.0258957719,-6.96666666666667,12.17990631,-0.9322477884,"RF35-CR",4.28099185493333
"Millennial",5,44,"5_44",NA,NA,NA,-8.9267231446931,23.70847965,NA,-25.8957719,NA,56.7209285144835,NA,NA,0.02370847965,-0.0258957719,32.731318197208,10.17093776985,-0.9322477884,"RF35-CR",41.970008178658
"RothC",5,44,"5_44",NA,NA,NA,-2.6849,23.70847965,NA,-25.8957719,NA,20.9793,NA,NA,0.02370847965,-0.0258957719,9.84463333333333,10.17093776985,-0.9322477884,"RF35-CR",19.0833233147833
"APSIM",5,51,"5_51",-4.44883232323235,0.445666666666661,-0.136775757575759,3.1,42.95658,1.04231006896553,-19.6232718,NA,30,NA,NA,0.04295658,-0.0196232718,-11.3666666666667,18.42837282,-0.7064377848,"RR50-CR",6.35526836853333
"Millennial",5,51,"5_51",NA,NA,NA,-4.9224205673043,34.84338965,NA,-19.6232718,NA,60.7252310918723,NA,NA,0.03484338965,-0.0196232718,18.0488754134491,14.94781415985,-0.7064377848,"RR50-CR",32.2902517884991
"RothC",5,51,"5_51",NA,NA,NA,-2.0436,34.84338965,NA,-19.6232718,NA,21.6206,NA,NA,0.03484338965,-0.0196232718,7.4932,14.94781415985,-0.7064377848,"RR50-CR",21.73457637505
"APSIM",5,52,"5_52",-4.452395959596,0.445044444444441,-0.397486868686865,3.4,46.28798,1.01500482758621,-15.5163225,NA,32,NA,NA,0.04628798,-0.0155163225,-12.4666666666667,19.85754342,-0.55858761,"RR25-CR",6.83228914333333
"Millennial",5,52,"5_52",NA,NA,NA,-2.6875712273176,36.4625177,NA,-15.5163225,NA,62.960080431859,NA,NA,0.0364625177,-0.0155163225,9.85442783349787,15.6424200933,-0.55858761,"RR25-CR",24.9382603167979
"RothC",5,52,"5_52",NA,NA,NA,-1.8972,36.4625177,NA,-15.5163225,NA,21.767,NA,NA,0.0364625177,-0.0155163225,6.9564,15.6424200933,-0.55858761,"RR25-CR",22.0402324833
"APSIM",5,53,"5_53",-4.45437575757575,0.445044444444441,-0.764315151515149,4,52.65455,0.973758620689666,-11.8207081,NA,35.4,NA,NA,0.05265455,-0.0118207081,-14.6666666666667,22.58880195,-0.4255454916,"RR00-CR",7.49658979173334
"Millennial",5,53,"5_53",NA,NA,NA,-0.0361026800294013,40.22269835,NA,-11.8207081,NA,65.6115489791472,NA,NA,0.04022269835,-0.0118207081,0.132376493441138,17.25553759215,-0.4255454916,"RR00-CR",16.9623685939911
"RothC",5,53,"5_53",NA,NA,NA,-1.7488,40.22269835,NA,-11.8207081,NA,21.9154,NA,NA,0.04022269835,-0.0118207081,6.41226666666667,17.25553759215,-0.4255454916,"RR00-CR",23.2422587672167
"APSIM",5,61,"5_61",-4.45024646464651,0.452199999999998,0.105664646464645,1.7,38.90913,1.08628896551725,NA,NA,38.5,NA,NA,0.03890913,NA,-6.23333333333333,16.69201677,NA,"BC19-CR",10.4586834366667
"APSIM",5,62,"5_62",-4.4385373737374,0.454222222222221,0.130044444444446,0.899999999999999,37.71826,1.11572648275862,NA,NA,48.5,NA,NA,0.03771826,NA,-3.3,16.18113354,NA,"BC38-CR",12.88113354
"APSIM",5,63,"5_63",-4.43214545454549,0.457333333333324,0.140791919191917,-0.0999999999999943,36.67017,1.12157062068967,NA,NA,58.2,NA,NA,0.03667017,NA,0.366666666666646,15.73150293,NA,"BC57-CR",16.0981695966666
"APSIM",5,64,"5_64",-4.42654545454548,0.460133333333324,0.148597979797978,-0.800000000000011,35.80124,1.11726800000001,NA,NA,67.6,NA,NA,0.03580124,NA,2.93333333333337,15.35873196,NA,"BC76-CR",18.2920652933334
"APSIM",5,65,"5_65",-4.42105858585865,0.461999999999996,0.159345454545454,-1.40000000000001,35.03015,1.10850524137932,NA,NA,77.3,NA,NA,0.03503015,NA,5.13333333333337,15.02793435,NA,"BC96-CR",20.1612676833334
